env_steps,critic_loss,q1,q2,actor_loss,entropy,coef,critic_grad_norm,critic_seq_grad_norm,actor_grad_norm,actor_seq_grad_norm
100,21.8664,-12.6737,-12.7006,-0.3854,3.97,1.0,0.2274,0.1694,0.0007,0.0
200,4358.9567,-220.5346,-220.5843,0.6297,3.9701,1.0,861.5621,1805.0296,0.0052,0.0001
300,645.5448,-356.9502,-357.2134,-1.2475,3.97,1.0,85.021,184.5571,0.0033,0.0001
400,271.5291,-269.3707,-269.586,-1.1077,3.9699,1.0,40.0527,88.1629,0.003,0.0001
500,515.8671,-354.098,-353.9748,-1.5166,3.9702,1.0,41.504,83.6659,0.0028,0.0
600,745.5229,-382.0749,-381.6751,-1.786,3.9703,1.0,89.8292,195.5883,0.0033,0.0
700,549.9529,-372.5565,-372.2861,-2.3458,3.9703,1.0,36.9738,74.3758,0.003,0.0
800,497.9652,-452.5951,-452.2679,-3.2285,3.9702,1.0,31.7867,60.0675,0.0071,0.0001
900,407.5248,-509.3884,-509.179,-4.1723,3.9702,1.0,47.0115,93.9227,0.0074,0.0
1000,324.2877,-530.3434,-529.94,-5.0814,3.9702,1.0,63.2501,165.9111,0.0064,0.0001
1100,360.4307,-624.3832,-624.3301,-6.5029,3.9703,1.0,160.9756,450.2756,0.0131,0.0002
1200,410.4452,-708.5335,-708.5471,-7.8932,3.9701,1.0,833.1173,2160.1612,0.0211,0.0008
1300,339.3835,-729.1798,-729.2646,-8.6872,3.9699,1.0,142.3007,364.1737,0.0159,0.0002
1400,390.9324,-801.4664,-801.4922,-9.9935,3.97,1.0,952.4893,2751.3373,0.0234,0.0004
1500,515.7734,-874.6937,-874.7796,-11.4002,3.9686,1.0,620.6058,1759.1314,0.0427,0.0018
1600,430.1776,-895.3263,-895.3539,-12.1189,3.9679,1.0,634.1306,1944.9531,0.0346,0.0011
1700,478.9255,-996.2119,-996.2341,-13.7361,3.9675,1.0,1310.4568,4331.5657,0.0427,0.0036
1800,558.7671,-1082.6087,-1082.6564,-15.2562,3.9691,1.0,2590.0212,9026.1057,0.0481,0.0025
1900,562.4765,-1123.2316,-1123.2388,-16.149,3.9679,1.0,820.8128,2175.2586,0.0387,0.0015
2000,537.1057,-1222.0319,-1221.993,-17.757,3.9684,1.0,10193.871,33909.8223,0.0438,0.0016
2100,640.6046,-1317.5295,-1317.4915,-19.4363,3.9686,1.0,2469.4439,7974.5131,0.0373,0.0021
2200,529.4631,-1302.8922,-1302.8948,-19.574,3.9697,1.0,3248.1253,11263.0488,0.0318,0.0016
2300,623.5963,-1435.6169,-1435.5163,-21.701,3.9695,1.0,5785.9157,19545.4656,0.0622,0.0034
2400,644.7943,-1511.5349,-1511.4118,-23.0269,3.9696,1.0,1172.9354,3557.5405,0.041,0.0014
2500,571.4717,-1474.9752,-1474.9014,-22.7647,3.9695,1.0,2682.98,8510.7966,0.0469,0.0018
2600,757.3791,-1607.2649,-1607.22,-24.9384,3.969,1.0,10075.8529,34405.1445,0.073,0.003
2700,822.3149,-1707.0465,-1707.0555,-26.6299,3.9689,1.0,4072.0631,12771.8386,0.0693,0.0028
2800,699.9508,-1680.3464,-1680.32,-26.4927,3.9687,1.0,2165.1365,6097.2947,0.0666,0.0035
2900,816.8156,-1759.1446,-1759.1203,-27.8853,3.9687,1.0,9273.1193,35711.6738,0.0614,0.0057
3000,1065.0715,-1831.7777,-1831.8156,-29.2915,3.9691,1.0,13438.336,44236.1445,0.0678,0.0029
3100,897.7899,-1873.813,-1873.7173,-30.1343,3.9686,1.0,12128.9372,41813.1289,0.0968,0.0042
3200,1059.1504,-2015.3484,-2015.3281,-32.5264,3.9643,1.0,4015.4871,13756.603,0.1095,0.0049
3300,1033.6446,-2065.2983,-2065.2504,-33.5115,3.9622,1.0,7701.8349,25477.894,0.1199,0.0065
3400,1019.2191,-2057.8812,-2057.8663,-33.5643,3.9639,1.0,4526.9117,17065.9241,0.1092,0.0044
3500,1421.347,-2192.3637,-2192.3257,-35.9093,3.9651,1.0,6897.0132,23384.9629,0.1025,0.0034
3600,1392.6446,-2318.7958,-2318.6667,-38.132,3.9646,1.0,10301.2523,38591.4546,0.1411,0.015
3700,1118.5159,-2305.2405,-2305.1874,-38.0366,3.9615,1.0,1886.3583,6208.5674,0.1558,0.0065
3800,1208.2083,-2413.0778,-2413.0414,-39.9475,3.9562,1.0,4710.1146,16984.9656,0.1853,0.0237
3900,1350.0745,-2554.3468,-2554.1899,-42.441,3.9622,1.0,30293.1515,107731.5918,0.1467,0.0119
4000,1663.8636,-2548.9812,-2548.9947,-42.5166,3.9669,1.0,26810.1004,83995.0781,0.1264,0.0129
4100,1451.8985,-2634.3948,-2634.2825,-44.0182,3.9661,1.0,2835.9959,9688.0875,0.178,0.0185
4200,1395.6324,-2741.013,-2740.9645,-45.9317,3.9638,1.0,22059.4251,76886.4805,0.1596,0.0103
4300,1385.9575,-2714.4611,-2714.302,-45.6583,3.963,1.0,8353.5623,28757.6411,0.1347,0.0059
4400,1627.0497,-2821.1672,-2821.0322,-47.603,3.9646,1.0,11108.8122,38190.5903,0.1668,0.0227
4500,1554.6809,-2858.7686,-2858.6981,-48.3114,3.9608,1.0,28524.7662,100487.291,0.1978,0.0196
4600,1595.7672,-2998.6649,-2998.4883,-50.8432,3.9629,1.0,15486.0882,46685.1699,0.1604,0.0111
4700,2248.6253,-3039.3636,-3039.2868,-51.6392,3.9636,1.0,15018.5427,36291.6846,0.1778,0.0094
4800,1851.3398,-3217.5349,-3217.49,-54.7766,3.9609,1.0,16516.9641,54219.6953,0.2111,0.0171
4900,1619.6889,-3214.1453,-3213.9095,-54.7942,3.9606,1.0,4829.1303,16502.2595,0.2026,0.0236
5000,1850.9762,-3261.276,-3261.0359,-55.7423,3.9644,1.0,9581.5859,32543.5977,0.1487,0.009
5100,2311.7665,-3341.3878,-3341.1845,-57.2155,3.9659,1.0,24769.2275,76718.7002,0.1874,0.0113
5200,2326.2964,-3351.3252,-3351.1968,-57.5686,3.9668,1.0,23770.2678,84228.5684,0.1731,0.0079
5300,2400.458,-3472.2499,-3472.1158,-59.7428,3.9662,1.0,20747.2084,78162.0986,0.1751,0.0078
5400,3120.0216,-3533.31,-3533.2958,-60.8612,3.9626,1.0,28156.3846,83101.4551,0.1842,0.0112
5500,2010.643,-3590.0886,-3589.9401,-61.942,3.9497,1.0,5948.4934,20478.6028,0.2179,0.0197
5600,2206.5019,-3654.8039,-3654.6347,-63.1741,3.9332,1.0,8927.4929,28622.3784,0.2617,0.0208
5700,2448.5524,-3771.325,-3771.1737,-65.1912,3.9123,1.0,5694.5115,16975.6433,0.2307,0.0129
5800,2369.4403,-3785.5323,-3785.3926,-65.5317,3.9047,1.0,18302.8056,61080.582,0.2698,0.0174
5900,2527.9267,-3844.2594,-3844.2032,-66.6894,3.889,1.0,7521.9294,22363.3169,0.2282,0.0082
6000,3203.4995,-4010.824,-4010.8454,-69.5822,3.8819,1.0,74857.8056,222277.0352,0.2184,0.0136
6100,3006.3646,-3951.1806,-3951.1002,-68.6442,3.8961,1.0,52760.7961,174725.959,0.4115,0.1864
6200,2947.683,-4065.3142,-4065.2901,-70.8034,3.9435,1.0,8765.3877,28337.6089,0.2609,0.0247
6300,2857.1693,-4256.191,-4256.1877,-74.1633,3.9217,1.0,12683.2388,43602.002,0.2668,0.0167
6400,3165.1248,-4163.7335,-4163.611,-72.6828,3.9291,1.0,36661.2849,124840.8555,0.2706,0.0425
6500,3463.9345,-4355.013,-4354.7687,-75.9856,3.9239,1.0,23733.0805,87476.9463,0.2389,0.0129
6600,3053.6064,-4389.8681,-4389.622,-76.6926,3.9284,1.0,30229.8842,109140.6152,0.3643,0.0563
6700,2888.709,-4452.4884,-4452.2326,-77.8675,3.9261,1.0,44877.772,168697.6113,0.3151,0.0193
6800,3202.4545,-4491.3146,-4491.1987,-78.6265,3.9286,1.0,30648.9225,104364.873,0.2628,0.0065
6900,3800.4762,-4676.9283,-4676.8658,-82.0057,3.9432,1.0,71818.9422,240933.4648,0.3004,0.0344
7000,4071.3857,-4691.307,-4691.2352,-82.3705,3.9429,1.0,62787.5339,222710.0742,0.2774,0.0117
7100,3788.4407,-4670.9561,-4670.9878,-82.0303,3.9443,1.0,65825.678,245381.3594,0.2716,0.0226
7200,3945.368,-4691.8552,-4691.8021,-82.4597,3.9406,1.0,66717.1119,246085.0273,0.2755,0.0315
7300,3505.0327,-4811.5907,-4811.6128,-84.6322,3.9383,1.0,15377.7261,46626.3926,0.3183,0.0316
7400,3340.9599,-4864.092,-4864.0657,-85.63,3.9324,1.0,28060.5227,102784.7637,0.3297,0.0212
7500,4604.0046,-4902.8875,-4902.6499,-86.4462,3.9264,1.0,84475.362,298578.7891,0.3536,0.012
7600,6023.7634,-4951.4598,-4951.1883,-87.2916,3.9201,1.0,68885.5298,257538.0156,0.3258,0.0161
7700,4174.0946,-5063.8392,-5064.1076,-89.4139,3.9241,1.0,20362.3038,76972.4746,0.3037,0.0238
7800,5878.2267,-5231.924,-5231.629,-92.5349,3.9285,1.0,34791.4461,129293.6621,0.3213,0.0188
7900,4654.4461,-5198.017,-5197.8812,-91.9206,3.9281,1.0,33932.4511,121113.3496,0.3088,0.0124
8000,5693.2345,-5144.621,-5144.4711,-91.0468,3.9265,1.0,40876.6997,135839.0625,0.279,0.011
8100,5452.5246,-5438.7438,-5438.6163,-96.3605,3.9287,1.0,90246.5055,334152.4609,0.309,0.0219
8200,4674.8394,-5361.61,-5361.6653,-95.0201,3.9286,1.0,19939.2214,73823.3184,0.3608,0.0308
8300,4619.5833,-5399.8158,-5399.6756,-95.7618,3.9181,1.0,16089.0739,59625.8164,0.2386,0.0064
8400,8442.167,-5558.1585,-5558.2549,-98.7003,3.9215,1.0,72192.9035,227765.6211,0.3361,0.0187
8500,5916.3122,-5672.1428,-5672.0322,-100.6875,3.933,1.0,20662.6605,62274.21,0.3288,0.0249
8600,4833.9291,-5743.3513,-5743.0467,-102.0145,3.9316,1.0,27565.1572,99190.168,0.4348,0.0188
8700,4946.8539,-5766.8147,-5766.655,-102.4578,3.9353,1.0,50722.7384,166502.4648,0.317,0.0184
8800,6399.9537,-5884.6999,-5884.7591,-104.5984,3.9371,1.0,50805.0499,183374.0977,0.4431,0.0425
8900,4656.1569,-5714.7632,-5714.6866,-101.6742,3.9273,1.0,23621.886,87316.2109,0.4727,0.0582
9000,4484.0472,-5971.0269,-5971.0508,-106.2689,3.9197,1.0,89668.6243,327409.4336,0.3887,0.0173
9100,4823.4695,-5782.722,-5782.591,-102.9473,3.918,1.0,74692.1344,262867.1758,0.4971,0.0749
9200,4405.2926,-6115.3876,-6115.38,-108.8948,3.917,1.0,26221.6626,92201.9648,0.4266,0.0176
9300,4327.9454,-6042.4236,-6042.4149,-107.6727,3.9099,1.0,46634.7325,139227.2832,0.3697,0.0187
9400,4698.912,-6077.8706,-6077.7407,-108.3309,3.902,1.0,90664.7701,264391.1758,0.3557,0.017
9500,24609.7612,-6241.8834,-6242.2686,-111.4515,3.8546,1.0,118411.0611,397790.9219,0.7722,0.1237
9600,7922.5053,-6325.5604,-6324.66,-113.0485,3.8037,1.0,22143.4259,77253.3857,0.5793,0.0319
9700,6213.2171,-6351.9547,-6351.6328,-113.481,3.7863,1.0,15933.8623,52839.5195,0.5911,0.0577
9800,5789.4696,-6387.9608,-6387.4526,-114.14,3.7606,1.0,23978.2965,92443.2422,0.6399,0.0789
9900,6018.3158,-6476.5242,-6476.151,-115.8143,3.8151,1.0,27916.0714,87421.7734,0.622,0.034
10000,5781.882,-6373.1436,-6372.8195,-114.0324,3.7671,1.0,56822.0079,207037.8945,0.6009,0.068
10100,6349.7672,-6568.9284,-6568.7031,-117.6003,3.805,1.0,46330.5023,176705.7656,0.6926,0.0807
10200,6079.9724,-6682.3918,-6682.162,-119.6125,3.7144,1.0,60583.4729,224278.293,1.033,0.2102
10300,6770.2416,-6740.6618,-6740.3062,-120.7484,3.6866,1.0,41730.0826,153477.1855,1.1523,0.2826
10400,6644.0241,-6751.6157,-6751.361,-120.9951,3.729,1.0,43113.5961,148427.8223,0.9872,0.1495
10500,8192.619,-6992.6377,-6992.4961,-125.2641,3.8025,1.0,151444.1101,555858.75,1.0878,0.2744
10600,12312.8862,-6843.0781,-6842.6585,-122.7968,3.7344,1.0,77162.5293,268358.3633,0.9013,0.1674
10700,7670.4967,-6957.6373,-6957.2574,-124.8063,3.7243,1.0,43350.3164,145040.1953,0.8477,0.0292
10800,7001.3396,-6962.5154,-6962.1579,-124.935,3.8106,1.0,29500.4065,101726.8477,0.7028,0.0843
10900,6742.0685,-7027.4751,-7027.0658,-126.1609,3.8521,1.0,60039.1458,216398.9375,0.4534,0.0124
11000,7333.7683,-7154.1771,-7153.9171,-128.421,3.8672,1.0,44600.1337,156302.8223,0.657,0.0759
11100,7146.225,-7358.7487,-7358.1986,-132.0931,3.8545,1.0,76157.8203,286085.1719,0.6906,0.1281
11200,10789.8791,-7395.2719,-7394.5015,-132.8328,3.8466,1.0,92238.1864,329532.2031,0.5441,0.0373
11300,8880.4184,-7385.6138,-7384.5705,-132.6982,3.8497,1.0,41009.8889,133284.8828,0.6059,0.0326
11400,7897.3283,-7401.6621,-7400.6318,-133.0353,3.8233,1.0,49970.1143,184822.7969,0.6531,0.0232
11500,7170.3258,-7190.702,-7189.9763,-129.2482,3.7634,1.0,40635.9391,147967.0781,0.6275,0.031
11600,7782.8238,-7378.7563,-7377.8477,-132.806,3.6783,1.0,37473.2094,133844.4395,0.7828,0.0635
11700,9416.5373,-7464.3771,-7463.0406,-134.2667,3.5611,1.0,97826.9508,341499.0859,2.2345,0.7899
11800,8079.2144,-7556.9857,-7555.8873,-135.957,3.4401,1.0,44148.1336,147750.7656,1.9615,0.6372
11900,7925.1907,-7650.9716,-7650.0717,-137.6701,3.4628,1.0,129409.1703,412190.5781,1.5397,0.353
12000,8343.8666,-7750.3185,-7749.26,-139.4923,3.4605,1.0,147824.6932,516961.2031,1.0781,0.0923
12100,12573.3192,-7706.847,-7706.3363,-138.7254,3.6542,1.0,171725.7386,621460.1406,0.9685,0.0992
12200,11463.997,-7775.4738,-7773.7408,-140.084,3.741,1.0,67249.0197,237315.9648,0.7278,0.0315
12300,9255.2148,-7876.1651,-7875.679,-141.8684,3.6688,1.0,33597.3669,101681.1445,1.0889,0.1147
12400,8570.9582,-7913.3778,-7912.2444,-142.5522,3.4806,1.0,27473.913,93920.0859,1.0242,0.0736
12500,10982.4896,-7918.5951,-7917.5524,-142.8217,3.5614,1.0,184498.7881,611639.8047,0.8703,0.0501
12600,12275.576,-7991.8353,-7990.3413,-144.0698,3.5611,1.0,181726.4107,471018.0859,0.9036,0.0656
12700,16716.8167,-8075.8229,-8074.8544,-145.6837,3.6839,1.0,380213.7315,1348100.6875,0.9221,0.0374
12800,13310.34,-8171.6628,-8170.4697,-147.2436,3.691,1.0,91965.8745,333874.375,1.1109,0.1193
12900,9696.2447,-8203.2643,-8202.5959,-147.9713,3.6129,1.0,26633.7494,85243.75,1.36,0.229
13000,9265.4776,-8179.1727,-8177.8797,-147.557,3.4396,1.0,52564.3489,190148.5,1.2401,0.0392
13100,12820.5775,-8060.6674,-8059.9199,-145.4172,3.5617,1.0,140038.541,478220.9219,0.828,0.0873
13200,11660.3191,-8478.4411,-8477.0048,-153.0927,3.6611,1.0,61657.0663,228408.9688,1.298,0.265
13300,10023.1348,-8216.2736,-8215.1146,-148.323,3.7218,1.0,24555.0166,86742.002,0.7431,0.106
13400,10676.3137,-8522.7015,-8521.7062,-153.8857,3.7736,1.0,35981.7757,129843.7422,0.6888,0.0705
13500,11031.6998,-8735.8088,-8734.6298,-157.7729,3.7809,1.0,44042.4583,129374.209,0.7191,0.0288
13600,10538.0032,-8525.844,-8524.3262,-154.0529,3.7747,1.0,96889.5537,333560.7188,0.936,0.1142
13700,11076.7774,-8442.1677,-8441.5409,-152.5262,3.748,1.0,201984.2125,726590.5625,0.884,0.0612
13800,13825.2731,-8658.6344,-8657.8274,-156.499,3.7336,1.0,304562.4067,1095106.1875,1.0137,0.1292
13900,13110.664,-8621.8849,-8621.142,-155.8079,3.7161,1.0,188542.8446,701066.9219,0.818,0.0555
14000,11808.0883,-8787.1454,-8786.0805,-158.9085,3.7497,1.0,43942.7917,143331.377,0.8307,0.0977
14100,12439.7536,-8918.2703,-8917.5196,-161.3413,3.7808,1.0,81326.2392,233998.5742,1.1722,0.1748
14200,12603.3777,-9053.5294,-9052.5038,-163.8246,3.8143,1.0,90249.1965,293085.9141,1.3051,0.2493
14300,39319.5779,-8831.852,-8832.2197,-159.9406,3.8057,1.0,340927.0231,1219609.8281,0.786,0.0826
14400,39286.6771,-9094.0419,-9092.7336,-164.5488,3.788,1.0,117945.7545,422876.4453,0.7613,0.0787
14500,13903.2047,-8891.8714,-8891.3267,-161.0423,3.7882,1.0,36993.4438,103520.5566,0.7314,0.0219
14600,13337.544,-8952.2277,-8951.5891,-162.0834,3.8209,1.0,41621.7849,145877.3438,0.8628,0.0374
14700,13307.4128,-8914.0996,-8912.5072,-161.4436,3.8046,1.0,32815.8798,119290.0605,1.0231,0.1845
14800,13265.8363,-9127.6369,-9126.7059,-165.3322,3.7915,1.0,45313.3531,135969.3398,1.5077,0.2921
14900,13408.6044,-9295.8845,-9294.2627,-168.3423,3.7674,1.0,87335.2066,322819.8945,0.8224,0.0511
15000,13796.6749,-9207.3114,-9206.4516,-166.8984,3.8446,1.0,106835.3332,315825.75,0.6267,0.0315
15100,14679.9601,-9223.1021,-9222.1272,-167.1479,3.8469,1.0,107251.1356,413814.7109,0.8309,0.1241
15200,14114.6347,-9374.2621,-9373.2109,-169.88,3.8488,1.0,26691.8969,94606.8945,0.6783,0.0228
15300,15381.4536,-9501.5063,-9500.7806,-172.2186,3.8679,1.0,187447.2271,709754.1719,0.716,0.0391
15400,14298.2857,-9281.137,-9279.7109,-168.3091,3.8684,1.0,80373.029,254322.3867,0.7884,0.0299
15500,15070.6155,-9532.3828,-9531.5356,-172.9029,3.8625,1.0,89764.9957,315185.3164,1.0846,0.1992
15600,27508.4674,-9373.8443,-9373.0696,-170.0853,3.8515,1.0,206152.6628,578382.3906,0.5943,0.0217
15700,18050.2595,-9654.1715,-9654.1269,-175.0734,3.8584,1.0,148280.2904,461442.0078,0.6682,0.0308
15800,16428.4498,-9563.3067,-9561.9679,-173.5728,3.8548,1.0,72463.1765,216869.0117,1.0867,0.1678
15900,15651.0604,-9646.8525,-9646.6142,-174.9857,3.8481,1.0,139237.4817,527704.0469,0.9003,0.0588
16000,15739.1714,-9729.0238,-9728.1253,-176.576,3.8302,1.0,67925.0101,246392.4336,1.0751,0.1612
16100,54213.5605,-9700.6754,-9698.5794,-176.0825,3.8464,1.0,362082.8732,1125764.0312,0.9592,0.0859
16200,20453.8786,-9680.382,-9680.4624,-175.8803,3.8459,1.0,71790.8637,227971.3203,0.6758,0.0345
16300,15799.7751,-9793.8366,-9793.6818,-177.7696,3.8461,1.0,35436.5553,127075.7578,1.0335,0.145
16400,15696.2649,-9884.4019,-9883.6348,-179.463,3.8314,1.0,24005.9537,78216.0283,1.2179,0.2031
16500,15999.4383,-9971.5588,-9970.8782,-181.0436,3.8081,1.0,86674.5989,300817.2734,0.7872,0.1077
16600,15836.8321,-9952.9512,-9952.3411,-180.7452,3.8092,1.0,66960.8787,233390.0508,0.9252,0.0709
16700,16659.2513,-10114.0168,-10113.2512,-183.6504,3.824,1.0,227898.4618,859697.7656,0.8611,0.0577
16800,17744.96,-9941.0716,-9940.7359,-180.574,3.7865,1.0,106821.3793,349485.2812,0.8723,0.0546
16900,16674.0075,-10281.97,-10280.995,-186.7343,3.7463,1.0,66832.4773,245350.3828,1.1773,0.1214
17000,18927.6202,-10159.7672,-10159.4384,-184.6842,3.734,1.0,509501.3609,1968836.6875,1.563,0.264
17100,79182.6198,-10005.6028,-10004.2339,-181.5823,3.7607,1.0,360419.2631,1249896.4062,1.0442,0.0898
17200,29181.629,-10305.2681,-10305.9528,-187.4136,3.8158,1.0,76688.496,275133.7148,1.1482,0.1889
17300,18775.4957,-10391.2709,-10389.8912,-188.8766,3.7867,1.0,35067.0154,104914.8398,1.155,0.1349
17400,17567.4153,-10349.0245,-10347.9698,-188.1201,3.7883,1.0,36896.1067,114518.8242,1.0249,0.1337
17500,17774.8988,-10357.9187,-10357.2859,-188.2954,3.7548,1.0,30006.6088,109993.7832,1.2147,0.225
17600,36541.6436,-10467.3187,-10466.0895,-190.3176,3.8051,1.0,718726.4129,2725189.8125,1.0626,0.1372
17700,22437.87,-10410.3279,-10410.0937,-189.3339,3.8099,1.0,88461.5529,332251.9297,0.8835,0.0502
17800,18802.0549,-10526.9038,-10526.5584,-191.4668,3.8073,1.0,41588.9551,134955.1602,0.85,0.0542
17900,19239.2349,-10589.8378,-10589.3645,-192.6442,3.8199,1.0,60310.482,195410.0703,0.9755,0.1413
18000,18800.4911,-10389.9237,-10389.3075,-189.0404,3.8008,1.0,70781.3517,241613.043,1.2553,0.2274
18100,19222.2671,-10673.2595,-10672.8189,-194.1635,3.7776,1.0,49467.9345,164408.8184,1.8479,0.4891
18200,19365.3394,-10707.4482,-10707.2557,-194.8458,3.6969,1.0,50955.9466,168062.2734,2.5932,0.8103
18300,19620.2733,-10644.0563,-10643.6469,-193.7326,3.5314,1.0,139277.8072,516752.2188,1.8716,0.3303
18400,19428.5045,-10659.4824,-10659.465,-193.9393,3.6002,1.0,54925.1564,198346.418,1.7982,0.2025
18500,20659.0577,-10721.5258,-10721.3083,-195.1318,3.6293,1.0,35537.018,121615.9336,1.3352,0.2114
18600,20626.3624,-10706.5755,-10706.1541,-194.8745,3.6352,1.0,176623.6559,625476.3203,1.3499,0.1405
18700,23814.9733,-10981.9135,-10981.6414,-199.9791,3.5769,1.0,506986.5692,1958729.9375,1.2334,0.2104
18800,22537.5993,-10764.0622,-10763.9737,-195.9757,3.5653,1.0,92093.9977,323547.4961,1.7451,0.266
18900,21520.1719,-11022.8214,-11022.9006,-200.687,3.6709,1.0,126828.8011,402353.2812,1.5061,0.3147
19000,20842.5105,-10565.669,-10565.3329,-192.4465,3.7368,1.0,120670.1346,412928.4688,1.9456,0.4868
19100,24620.4312,-11070.8791,-11070.7435,-201.6058,3.6463,1.0,553025.4406,1797566.6562,1.5587,0.2322
19200,140538.2857,-10817.5419,-10818.013,-197.4177,3.6501,1.0,417772.7415,1471729.1562,1.1036,0.0675
19300,111083.7673,-11145.1568,-11141.9665,-203.1965,3.654,1.0,476667.3395,1735717.3125,1.1949,0.0611
19400,31331.9915,-11167.8175,-11166.2688,-203.5668,3.7111,1.0,66714.2865,234209.9297,1.8797,0.422
19500,24129.3574,-11283.9144,-11284.4572,-205.6446,3.7034,1.0,72063.6603,256458.6289,1.6826,0.3987
19600,22994.27,-11123.114,-11123.9879,-202.7252,3.7248,1.0,27730.1886,79908.1738,1.2424,0.1985
19700,22754.4862,-11238.7701,-11238.9444,-204.8293,3.7534,1.0,26219.8693,82301.6953,1.4135,0.1688
19800,24756.0638,-11346.2755,-11346.0012,-206.8526,3.7502,1.0,120195.0838,389622.4141,1.8605,0.4363
19900,23283.1753,-10909.8959,-10910.8631,-198.8714,3.7826,1.0,28945.7842,82342.3457,1.2403,0.149
20000,23759.8978,-11181.5884,-11182.0425,-203.897,3.7842,1.0,32776.2015,102174.3828,1.4238,0.1999
20100,23762.362,-11256.8371,-11256.7332,-205.2592,3.7745,1.0,132950.4207,499606.7109,1.4842,0.2649
20200,24961.7483,-11167.6937,-11168.1833,-203.6279,3.7733,1.0,236307.0737,890893.0156,0.9594,0.0268
20300,24904.9166,-11496.4886,-11496.4125,-209.6778,3.786,1.0,68548.6016,256813.6523,0.9516,0.0279
20400,26224.6739,-11726.3916,-11726.4428,-213.8395,3.8322,1.0,145197.5057,470500.7812,0.8628,0.029
20500,25300.9689,-11555.4524,-11555.2681,-210.7431,3.8556,1.0,87125.1877,323299.8203,1.1526,0.1429
20600,27134.8673,-11529.1356,-11529.7004,-210.3186,3.8534,1.0,191003.6262,717946.4844,0.8603,0.052
20700,26153.7591,-11624.7273,-11624.4805,-212.0452,3.8585,1.0,189760.497,694236.2812,1.249,0.0987
20800,25596.7499,-11779.9283,-11780.3404,-214.9502,3.8715,1.0,86616.509,260400.1641,0.8327,0.0412
20900,28984.2389,-11772.455,-11773.0583,-214.8638,3.8783,1.0,474812.6748,1706604.4688,0.9613,0.0987
21000,27488.8651,-11696.6606,-11696.4856,-213.4094,3.8837,1.0,229295.1955,829344.3438,0.7976,0.034
21100,25798.0901,-11810.1395,-11809.8979,-215.5058,3.8899,1.0,114389.8932,353162.0547,1.0127,0.0981
21200,26104.0905,-11888.43,-11889.5429,-216.9167,3.9052,1.0,121020.7114,415049.125,0.8845,0.0585
21300,26260.1441,-11896.8288,-11896.9588,-217.0964,3.8992,1.0,104421.5051,316727.2383,0.9327,0.0432
21400,24959.9811,-11730.1423,-11729.9392,-214.0449,3.8931,1.0,48074.5505,128660.8496,0.6819,0.0192
21500,25585.975,-11761.937,-11761.9377,-214.6691,3.8938,1.0,225448.9232,842315.125,0.9591,0.0896
21600,28073.4942,-12277.6408,-12278.6143,-224.1698,3.8764,1.0,246387.9241,884338.9844,1.2933,0.1414
21700,28145.6482,-11475.109,-11474.5607,-209.3935,3.8479,1.0,224593.9396,749229.4219,0.8308,0.0948
21800,32236.333,-11885.989,-11886.4276,-217.0312,3.8174,1.0,393321.4821,1301348.0938,1.2494,0.2299
21900,30072.972,-11747.4568,-11748.193,-214.5812,3.8328,1.0,281333.6353,1028693.6719,1.0261,0.0589
22000,28505.7195,-11944.8286,-11943.3637,-217.9803,3.8212,1.0,269194.4679,948184.1719,1.0441,0.0784
22100,28722.2646,-12083.1952,-12083.6988,-220.6398,3.7835,1.0,176952.7461,622754.7109,1.0861,0.0601
22200,27479.3415,-11912.3458,-11913.1031,-217.4928,3.7938,1.0,116633.5039,371310.2109,1.3712,0.1906
22300,27341.6409,-12058.1921,-12057.9146,-220.165,3.8166,1.0,209725.6299,798367.3438,0.792,0.0353
22400,27024.8515,-12006.0676,-12006.1083,-219.2278,3.8382,1.0,84535.5824,242554.1055,0.9413,0.053
22500,27483.3952,-12218.7179,-12219.0365,-223.0571,3.8384,1.0,404862.434,1513720.0,1.4597,0.2176
22600,29893.6377,-11835.0726,-11834.8121,-216.1672,3.8384,1.0,233503.8249,799167.6875,1.3902,0.1796
22700,96765.5669,-12331.0866,-12329.5824,-225.3928,3.8384,1.0,548821.4084,1994308.2812,1.497,0.26
22800,57440.6306,-12004.9389,-12006.4296,-219.2107,3.832,1.0,402458.6571,1533664.2188,0.9066,0.0387
22900,31728.0625,-12293.3087,-12293.4066,-224.5676,3.8388,1.0,76474.1628,230420.6914,1.1355,0.089
23000,30454.4869,-12154.661,-12154.5453,-222.0188,3.8412,1.0,286687.517,859460.0625,1.1676,0.1335
23100,30415.0799,-12253.7297,-12253.8411,-223.8367,3.7978,1.0,86497.4353,268069.6211,2.125,0.514
23200,29391.3653,-12231.5862,-12231.2481,-223.4384,3.7649,1.0,47097.1662,162504.9453,1.1712,0.1346
23300,29601.9934,-12543.689,-12543.8559,-229.1783,3.7314,1.0,45204.3829,127279.5156,1.2193,0.146
23400,29741.6906,-12164.2183,-12164.7865,-222.2871,3.7284,1.0,86666.7537,272614.8359,1.4935,0.163
23500,31028.0141,-12226.6107,-12226.0466,-223.4712,3.7399,1.0,115461.1603,425764.5703,0.9636,0.0608
23600,31253.4977,-12398.2919,-12398.3762,-226.5828,3.7242,1.0,86016.6235,309048.7227,1.611,0.2426
23700,32237.2227,-12331.7875,-12332.2327,-225.3499,3.7075,1.0,138282.2712,502888.2422,1.6011,0.2702
23800,33121.3523,-12460.0453,-12459.4321,-227.6448,3.7203,1.0,201854.3383,725756.4844,2.3412,0.5963
23900,34734.7201,-12350.4921,-12350.6753,-225.7796,3.7085,1.0,404129.5462,1488816.125,1.334,0.131
24000,32472.1313,-12678.8303,-12678.7087,-231.7714,3.7072,1.0,211438.9566,676774.2188,0.9803,0.0709
24100,33669.5845,-13008.2995,-13008.0701,-237.7255,3.7392,1.0,552877.9649,2026119.1562,1.2952,0.1375
24200,33925.5872,-12486.6759,-12486.1546,-228.242,3.7931,1.0,299230.337,1065258.1562,1.4079,0.2838
24300,31978.8021,-12720.7776,-12720.5487,-232.5617,3.7599,1.0,147685.5489,455621.625,1.0661,0.1023
24400,31245.0098,-12377.3879,-12377.2575,-226.2495,3.7275,1.0,110692.9797,398536.3359,1.2493,0.1554
24500,37004.4514,-12821.9444,-12821.9103,-234.316,3.7359,1.0,437784.1186,1565742.1562,0.9868,0.0819
24600,39802.7532,-12622.6022,-12622.4615,-230.7205,3.7798,1.0,85303.1483,299338.2734,1.0079,0.0413
24700,33425.6168,-12474.9373,-12474.7162,-228.0497,3.791,1.0,135011.8236,382549.5859,2.0032,0.4593
24800,32288.8038,-12552.7662,-12552.8563,-229.4646,3.7583,1.0,123114.1225,445779.4531,1.0892,0.1082
24900,32736.0882,-12827.7474,-12827.3368,-234.5115,3.6384,1.0,136354.5567,510997.2422,1.4901,0.0615
25000,32443.702,-12528.6178,-12529.0633,-229.0108,3.5169,1.0,106808.3221,371757.8516,1.4975,0.1158
25100,33402.3934,-12484.537,-12484.1737,-228.2231,3.5304,1.0,75118.2116,273790.7031,1.9294,0.3067
25200,33857.2814,-12534.7381,-12535.3385,-229.1591,3.5652,1.0,174975.3214,579067.8594,1.9681,0.4316
25300,67181.9714,-12816.5314,-12815.732,-234.0434,3.5916,1.0,273665.4086,771033.3281,2.547,0.6578
25400,65208.2326,-12725.6853,-12727.551,-233.1032,3.5786,1.0,136513.4319,440392.8203,1.6489,0.0854
25500,37840.0249,-12666.3992,-12663.4472,-231.5795,3.4365,1.0,88384.6106,313103.4336,2.0747,0.5144
25600,34429.1473,-12918.0265,-12918.2594,-236.1633,3.5458,1.0,37606.0434,107728.5781,1.3694,0.1567
25700,34080.2962,-12630.2334,-12630.0214,-230.9705,3.5767,1.0,140058.1684,501891.75,1.7915,0.3664
25800,34862.4447,-12795.5027,-12795.695,-233.9371,3.6162,1.0,112940.4971,384218.6172,1.7771,0.3577
25900,34319.7016,-12612.178,-12611.7599,-230.6609,3.5648,1.0,42034.3131,140308.5,1.6702,0.3518
26000,34970.8929,-12994.6946,-12994.4795,-237.6314,3.5911,1.0,46484.3417,141953.3945,1.2317,0.0638
26100,35484.2889,-13010.5843,-13010.7356,-237.9489,3.6468,1.0,89552.2316,327757.2031,1.5144,0.2553
26200,36784.8108,-12905.1498,-12904.9886,-236.0833,3.6835,1.0,160460.5533,584400.3672,1.4774,0.2726
26300,36073.7342,-12931.9635,-12931.9446,-236.4328,3.6139,1.0,74560.6676,257359.3906,1.8052,0.4529
26400,36154.0446,-13122.8201,-13123.3113,-239.9371,3.55,1.0,732385.9722,2782806.25,2.2499,0.5393
26500,38242.5618,-13212.9657,-13212.8814,-241.6884,3.4819,1.0,316228.8819,1210845.5938,1.5108,0.0693
26600,44986.9239,-13223.0482,-13223.3603,-241.8776,3.4282,1.0,2258452.6507,8548730.875,2.851,0.6688
26700,53550.2338,-13211.9102,-13211.5351,-241.587,3.395,1.0,263831.0071,819225.4844,1.7774,0.3447
26800,38923.4506,-13012.9089,-13012.7549,-237.9629,3.3594,1.0,116297.0992,424826.9766,2.8886,0.6618
26900,36654.502,-13070.6483,-13070.3238,-239.0396,3.3077,1.0,118437.1525,401888.6172,1.2697,0.0715
27000,36515.0507,-12925.299,-12925.9432,-236.3842,3.2671,1.0,91724.9499,328963.5547,1.5549,0.1146
27100,37162.6325,-13051.4609,-13051.0825,-238.6699,3.283,1.0,157609.2181,574406.0078,2.7267,0.7331
27200,38166.803,-13110.0754,-13109.898,-239.661,3.3822,1.0,137957.8849,422064.625,1.5477,0.1091
27300,39724.3468,-13164.5641,-13164.565,-240.8038,3.2953,1.0,143822.6555,480657.9609,1.9788,0.2179
27400,38856.5903,-13022.9961,-13023.2638,-238.23,3.2851,1.0,117214.1131,417894.3359,1.9685,0.2378
27500,39422.2259,-13384.4746,-13384.5503,-244.7857,3.2798,1.0,235834.3195,867593.0781,3.9376,1.1621
27600,40639.5684,-13156.8105,-13156.9481,-240.756,3.2651,1.0,250595.7807,942774.9688,2.4988,0.6989
27700,44341.3113,-12971.8246,-12972.1853,-237.0874,3.3126,1.0,509102.0318,1829608.4375,2.6316,0.5199
27800,43222.6277,-13234.8805,-13234.542,-242.1103,3.4089,1.0,121379.6178,439766.0547,1.8187,0.3515
27900,42985.1123,-13372.6849,-13371.9313,-244.5108,3.4894,1.0,144571.6398,420749.5,1.6892,0.3696
28000,40479.3687,-13172.7446,-13173.0905,-241.0327,3.4945,1.0,277072.3116,1063598.5625,1.9199,0.3708
28100,41421.9754,-13178.8238,-13178.6657,-241.0792,3.5476,1.0,224668.1306,826182.3594,1.1343,0.1215
28200,47927.5604,-13208.0881,-13208.6937,-241.6755,3.6328,1.0,266480.0807,859950.8281,1.2661,0.1253
28300,42048.7473,-13416.3452,-13415.5802,-245.4321,3.7026,1.0,176222.8557,550544.8594,1.9301,0.551
28400,41657.05,-13269.3881,-13269.6302,-242.761,3.7574,1.0,186562.9392,714168.8906,1.7521,0.3838
28500,42676.751,-13087.1909,-13087.3157,-239.4065,3.7342,1.0,149991.6817,528001.1484,1.5303,0.1675
28600,43811.6141,-13418.7238,-13417.8372,-245.5419,3.6334,1.0,139411.8647,476558.2109,2.0369,0.354
28700,46554.5844,-13523.9422,-13523.4471,-247.3661,3.6239,1.0,464423.6764,1320605.875,1.1961,0.0577
28800,44192.3513,-13317.5934,-13318.0331,-243.528,3.5973,1.0,110574.8342,351652.9766,2.467,0.579
28900,42658.8883,-13341.492,-13341.4732,-244.0642,3.5101,1.0,154455.5332,506981.2578,1.8829,0.3156
29000,44247.951,-13269.1411,-13269.3114,-242.8226,3.5126,1.0,136928.9737,482467.9062,3.2596,0.8757
29100,47630.2089,-13346.9577,-13346.6112,-244.1259,3.532,1.0,321596.4976,1068257.5156,1.575,0.1757
29200,52163.3756,-13235.3832,-13234.2935,-242.0487,3.6404,1.0,1692861.4658,6066792.625,1.3393,0.1655
29300,108947.3923,-13650.857,-13650.5496,-250.0333,3.694,1.0,1246620.4509,4403459.0625,1.3446,0.0903
29400,64953.3714,-13474.1231,-13474.9721,-246.5994,3.66,1.0,177944.1206,629267.6094,2.0064,0.394
29500,44918.7116,-13205.1344,-13204.5139,-241.6212,3.7,1.0,83739.2934,220046.4492,1.2079,0.0676
29600,43978.5753,-13714.2044,-13713.8305,-250.9326,3.7385,1.0,44855.2365,134809.6562,1.5677,0.2709
29700,44220.4173,-13715.9305,-13715.2227,-250.889,3.7616,1.0,62279.5383,226701.5273,1.3643,0.1452
29800,44386.673,-13750.442,-13750.6189,-251.5787,3.7565,1.0,66091.9847,223205.1875,1.3062,0.1162
29900,44035.8245,-13692.984,-13692.3005,-250.5773,3.7784,1.0,163032.7521,569218.125,1.2876,0.0643
30000,45009.5863,-13251.1998,-13251.1561,-242.4517,3.8471,1.0,251715.3017,906695.8594,1.0041,0.0987
30100,45817.4997,-13448.5607,-13448.4595,-246.1111,3.8885,1.0,180872.881,664180.0469,0.8059,0.0667
30200,45815.0988,-13514.2677,-13514.1111,-247.3061,3.8647,1.0,125363.8781,456038.6641,1.4405,0.3496
30300,45346.6901,-13703.8837,-13704.0348,-250.7713,3.8787,1.0,139380.2396,459440.4609,0.7867,0.0717
30400,46192.5418,-13774.1385,-13773.9856,-252.0541,3.8807,1.0,157531.1628,424102.3672,1.3683,0.2797
30500,47071.4615,-13433.8148,-13433.3768,-245.8239,3.8683,1.0,116401.0751,372081.5391,1.7526,0.5218
30600,47758.6448,-13614.7289,-13615.1618,-249.2105,3.8737,1.0,165469.2479,583760.3516,1.2171,0.2037
30700,46478.3005,-13696.4972,-13696.0859,-250.6442,3.8665,1.0,235930.881,862469.1094,1.1826,0.1381
30800,49028.2161,-13737.0821,-13736.8609,-251.3298,3.8924,1.0,459902.9687,1659688.6562,1.0098,0.0845
30900,50276.6546,-13525.7055,-13525.6402,-247.5495,3.8952,1.0,271274.5023,892682.375,0.9665,0.142
31000,52686.8916,-13630.278,-13630.6379,-249.5067,3.9254,1.0,485414.4171,1823248.2188,1.0243,0.2314
31100,54626.8185,-13724.8892,-13724.6707,-251.0995,3.9361,1.0,754745.8096,2807456.875,0.7607,0.1936
31200,59524.0327,-13576.1263,-13576.125,-248.5147,3.9436,1.0,524703.9947,1926116.8125,1.5117,0.4801
31300,50196.676,-13555.383,-13555.357,-248.1047,3.8963,1.0,175202.3858,640469.8516,1.6324,0.3037
31400,48870.6897,-13514.6038,-13514.0191,-247.3153,3.8916,1.0,113194.9971,296054.5,0.7663,0.1433
31500,50111.5063,-13307.2134,-13308.4565,-243.6568,3.9299,1.0,426842.4134,1548773.8125,0.9374,0.1775
31600,50867.1534,-13776.5247,-13776.1826,-252.1911,3.9202,1.0,675403.9851,2529814.5625,1.6893,0.5887
31700,51303.1756,-13679.0793,-13678.3912,-250.2739,3.9335,1.0,306810.7799,1152088.9219,0.9962,0.1888
31800,50413.6799,-13572.8566,-13573.5149,-248.488,3.946,1.0,101381.2518,348163.3203,0.6859,0.0774
31900,52859.4849,-13431.4457,-13431.7348,-245.8746,3.9542,1.0,438640.7743,1576999.2188,0.8643,0.1791
32000,52469.6848,-13630.3184,-13630.6826,-249.4888,3.9605,1.0,120557.3933,372054.3984,0.7465,0.1307
32100,52579.4298,-13768.9248,-13768.8251,-252.0502,3.9668,1.0,334560.5611,1220391.9531,0.8542,0.1591
32200,52443.958,-13501.7444,-13501.405,-247.1693,3.965,1.0,313122.1461,1107372.0156,0.7611,0.0993
32300,115905.2944,-13799.9134,-13800.3407,-252.6821,3.9643,1.0,738489.0912,2550758.4062,0.7868,0.0669
32400,84992.8544,-13676.2726,-13677.8312,-250.4273,3.9652,1.0,520034.8249,1892415.4688,0.611,0.0515
32500,59526.462,-13683.7313,-13682.6293,-250.6179,3.9641,1.0,85015.4443,283536.9531,0.9256,0.1996
32600,55508.7367,-14039.7648,-14040.2575,-257.0704,3.9628,1.0,74868.2534,254505.2344,0.6827,0.0543
32700,54833.3585,-13503.6878,-13503.5387,-247.2801,3.965,1.0,95981.9225,334023.1641,0.5858,0.0873
32800,54245.3165,-13708.9017,-13709.5743,-251.0276,3.9645,1.0,83863.0401,293617.2578,0.5321,0.03
32900,54646.6506,-13899.183,-13899.4914,-254.5379,3.9637,1.0,108950.0975,355722.0078,0.5778,0.0361
33000,54794.6073,-13978.1398,-13978.586,-255.9192,3.9622,1.0,188998.4395,693872.125,0.7494,0.0526
33100,54230.307,-14054.8531,-14055.3591,-257.4122,3.959,1.0,264415.6639,884351.125,0.7705,0.0955
33200,54630.3855,-14105.7649,-14105.3126,-258.2973,3.9569,1.0,171127.3365,641603.6719,1.3861,0.4186
33300,55466.6823,-14113.5671,-14114.3868,-258.442,3.952,1.0,106820.2652,399945.5391,0.8136,0.1817
33400,55544.2566,-13759.5552,-13759.5647,-251.9668,3.928,1.0,272398.7017,1022887.0938,0.9364,0.1584
33500,57765.8023,-13794.7059,-13795.0781,-252.6046,3.8938,1.0,608456.1561,2244974.6562,1.0199,0.1856
33600,66597.5545,-14297.8435,-14298.1871,-261.8199,3.849,1.0,1987491.5486,7359129.5,1.1522,0.0479
33700,235934.43,-13679.1917,-13674.6858,-250.3336,3.7736,1.0,495532.8749,1751906.2188,1.3272,0.1934
33800,105918.4783,-13622.9062,-13629.0956,-249.7783,3.7591,1.0,442481.3351,1561779.875,1.0912,0.0583
33900,67429.8781,-13994.1423,-13994.2806,-256.4161,3.7777,1.0,95748.8198,338440.6758,1.0779,0.0547
34000,64758.8916,-13918.9921,-13919.7256,-254.9929,3.8259,1.0,184754.4955,661336.9062,1.5035,0.1954
34100,58912.2847,-13931.6752,-13931.9193,-255.2267,3.8388,1.0,79736.467,225029.0586,2.099,0.469
34200,57122.2917,-13875.1433,-13875.6085,-254.1637,3.8607,1.0,60033.1512,193505.7422,1.4463,0.2209
34300,58572.3302,-13934.1409,-13934.5918,-255.3268,3.8674,1.0,109386.4965,348927.7734,1.4103,0.1387
34400,58189.2773,-13775.093,-13774.5297,-252.2946,3.8738,1.0,204007.6578,720719.0625,1.2581,0.1119
34500,57729.7163,-13597.8001,-13597.7924,-249.1289,3.8367,1.0,47747.7609,147702.8965,1.1378,0.0844
34600,58226.0634,-13796.0819,-13796.9868,-252.7322,3.7413,1.0,83124.963,284080.9805,1.5971,0.2648
34700,58343.9179,-13874.1119,-13874.4602,-254.1448,3.636,1.0,50879.194,162478.7871,2.1068,0.5268
34800,58443.154,-13622.3782,-13622.1028,-249.5411,3.6428,1.0,79600.8266,276510.043,1.2104,0.0931
34900,58300.8208,-14116.8209,-14117.4868,-258.6161,3.5802,1.0,95250.2688,294657.3164,1.4744,0.0829
35000,58556.2177,-14024.4627,-14024.1682,-256.8994,3.6703,1.0,102360.9429,335910.0312,2.0715,0.4639
35100,58998.8697,-14120.3384,-14119.964,-258.6255,3.687,1.0,66576.9176,161705.707,1.133,0.0828
35200,58831.677,-14012.7575,-14012.9923,-256.7143,3.6974,1.0,48623.6121,157936.459,2.3038,0.5409
35300,59828.7335,-13936.7341,-13936.8898,-255.3476,3.6385,1.0,94229.1309,303341.9609,1.8193,0.2597
35400,70413.277,-13641.6208,-13640.8528,-250.0306,3.585,1.0,1099044.5428,3999388.375,1.7584,0.2604
35500,69817.203,-13940.8682,-13942.2333,-255.436,3.5849,1.0,208008.5747,728072.2188,1.4072,0.1714
35600,61071.6568,-14065.4838,-14065.2562,-257.613,3.5629,1.0,173553.0661,596557.7422,2.2561,0.4992
35700,59718.7092,-13902.4658,-13902.0771,-254.6327,3.5141,1.0,131879.8326,372471.0391,3.1288,0.6738
35800,60622.5134,-14067.9361,-14068.3512,-257.7432,3.5045,1.0,74320.4315,223562.6641,1.4664,0.0799
35900,60355.0426,-13920.7425,-13920.8549,-254.9705,3.5786,1.0,75200.116,199724.0703,1.205,0.097
36000,60314.1864,-13802.7558,-13802.4773,-252.8052,3.5687,1.0,95838.2837,337446.4922,2.7283,0.5617
36100,60326.9821,-13953.9122,-13953.3646,-255.672,3.584,1.0,95276.653,345067.8203,2.3693,0.4133
36200,61088.5915,-14110.2819,-14110.5677,-258.4826,3.5362,1.0,111227.0234,307165.6719,1.7255,0.2113
36300,61471.6488,-13749.8279,-13750.1687,-251.8526,3.4729,1.0,166577.2746,561615.3594,1.5811,0.3212
36400,61886.298,-13784.1546,-13784.2628,-252.5724,3.3681,1.0,267733.7928,944783.75,3.1418,0.8642
36500,67996.1164,-13993.6624,-13993.826,-256.2762,3.3022,1.0,789803.9474,2848616.0,1.3561,0.1472
36600,64557.4488,-14114.5431,-14113.602,-258.5548,3.4009,1.0,119398.0815,390143.8125,3.0947,0.8777
36700,61294.5812,-13849.8573,-13850.208,-253.729,3.2433,1.0,57721.068,141026.8086,2.811,0.8181
36800,61885.2137,-13992.4914,-13992.9319,-256.3986,3.1602,1.0,191162.9157,665439.9375,4.317,1.0961
36900,62124.5783,-14398.0044,-14397.4975,-263.6765,3.1271,1.0,62161.4066,194281.4805,3.0409,0.6124
37000,62192.8144,-14046.1418,-14046.1469,-257.3445,3.1857,1.0,118179.2157,381061.4531,2.8079,0.4981
37100,121579.0548,-14165.7731,-14168.63,-259.1212,3.0624,1.0,386896.368,1274637.8438,2.0342,0.2483
37200,75197.0266,-14273.6682,-14272.1556,-261.6484,3.0229,1.0,237217.7966,818214.0938,1.8523,0.3124
37300,62582.4274,-14183.3972,-14182.4359,-259.8323,3.0566,1.0,51510.9232,145612.2031,2.377,0.2346
37400,61450.7836,-14415.1335,-14415.1161,-264.0613,2.9901,1.0,61444.6961,172611.0352,3.177,0.6734
37500,62826.6108,-13968.8137,-13969.4405,-255.9102,2.7612,1.0,79924.7173,259632.0391,3.8355,1.1063
37600,62299.6511,-13757.1653,-13757.3991,-252.0157,2.7012,1.0,56075.2805,194906.8594,2.7271,0.2387
37700,61932.2427,-14370.9341,-14371.6057,-263.276,2.744,1.0,84238.199,281669.8125,3.6473,1.0073
37800,61809.9499,-14321.8808,-14321.4426,-262.4031,2.6955,1.0,304219.0898,1105311.0156,2.0823,0.3967
37900,66298.2704,-14264.5331,-14264.8082,-261.4067,2.5818,1.0,178742.259,592204.7734,2.3663,0.3566
38000,63944.4123,-14376.1524,-14376.5113,-263.3616,2.4913,1.0,68005.326,240712.332,3.6662,0.4941
38100,63131.313,-14373.6352,-14373.8593,-263.37,2.3022,1.0,447861.4096,1633829.1875,1.3224,0.1054
38200,71118.5949,-14204.5018,-14204.2828,-260.2185,2.5651,1.0,338006.9433,1131461.375,3.718,0.8529
38300,68326.572,-14287.898,-14287.8554,-261.9497,2.5969,1.0,279558.1239,1022047.0156,2.3752,0.5169
38400,64228.2803,-14311.788,-14311.9435,-262.218,2.7304,1.0,168418.3976,587141.4609,2.8222,0.4548
38500,64076.4634,-14306.1185,-14306.4126,-261.9896,2.6649,1.0,155388.7971,526431.7031,2.9893,0.657
38600,63457.7905,-14161.434,-14161.3047,-259.5211,2.5587,1.0,148789.5624,511673.7031,2.9298,0.3966
38700,64611.6169,-14422.2869,-14422.5029,-264.2362,2.3796,1.0,101210.7532,329615.9062,2.8517,0.2671
38800,64549.5422,-14237.8827,-14238.6304,-260.901,2.147,1.0,52196.8924,164549.6406,3.8821,0.6597
38900,63268.2198,-14273.6115,-14273.1523,-261.5379,1.9849,1.0,176782.1197,625052.1562,2.7713,0.2758
39000,65964.9079,-14485.4697,-14485.0938,-265.4077,1.8691,1.0,125722.0966,398211.8906,2.79,0.1203
39100,65293.4079,-14478.7565,-14478.9861,-265.2104,1.7764,1.0,213576.3437,756921.7031,2.0226,0.2659
39200,64655.831,-13844.3327,-13845.2931,-253.6916,1.7914,1.0,142407.2531,425287.2188,1.4352,0.0632
39300,65535.1716,-14614.9462,-14614.7554,-267.8677,1.6185,1.0,114138.1562,325006.2305,2.3832,0.2058
39400,66369.3967,-14345.7717,-14346.0612,-262.991,1.5431,1.0,105829.973,310153.4688,2.5612,0.2679
39500,66078.6359,-14409.7209,-14409.3402,-264.1658,1.4259,1.0,111253.0533,331287.375,2.3419,0.3335
39600,65000.3572,-14665.2935,-14664.9662,-268.7441,1.532,1.0,148622.0773,366940.8203,2.6603,0.1911
39700,67034.0284,-14271.4326,-14272.1965,-261.5,1.5826,1.0,231443.5538,821212.8281,1.6037,0.2469
39800,71144.9675,-14446.35,-14446.5854,-264.647,1.6557,1.0,1295050.4133,4587031.9375,3.1228,0.5561
39900,91873.9972,-14162.5042,-14161.1742,-259.5082,1.4759,1.0,607943.9784,2163001.9688,1.8667,0.1261
40000,70870.6473,-14690.3867,-14691.5182,-269.331,1.6413,1.0,154097.3934,552954.2031,3.8216,0.1221
40100,67620.0746,-14626.1745,-14625.3086,-268.0089,1.8976,1.0,48924.5669,149249.8867,3.9591,0.6233
40200,66754.463,-14438.6477,-14438.658,-264.6967,1.9327,1.0,155012.6288,568184.875,2.7979,0.4966
40300,68199.4962,-14461.1757,-14461.683,-265.0519,1.8246,1.0,121765.3512,386907.3906,3.4449,0.7134
40400,68255.1733,-14302.1107,-14302.2746,-262.1772,2.0903,1.0,105343.8348,350383.4219,2.6553,0.5415
40500,68678.8049,-14565.4564,-14566.0272,-267.0376,2.2365,1.0,263463.5537,876294.3125,2.5146,0.3619
40600,131192.8673,-14763.218,-14761.7908,-270.5848,1.9334,1.0,2262824.5701,8080805.0,1.5319,0.1104
40700,130455.4883,-14603.2674,-14604.3839,-267.984,1.9615,1.0,410690.2759,1452658.3438,3.7083,1.1151
40800,72950.8794,-14866.8863,-14867.1838,-272.586,1.9851,1.0,79847.2825,218174.6602,2.2105,0.5201
40900,67521.446,-14727.3589,-14727.6928,-269.9182,1.8374,1.0,213917.8894,681561.5625,3.1022,0.3452
41000,66391.2323,-14255.7781,-14256.1677,-261.3265,1.7001,1.0,108687.8903,353482.4688,2.2182,0.2385
41100,68156.6969,-14680.8388,-14680.7254,-269.1244,1.5756,1.0,120581.5597,401372.0156,4.8907,1.5366
41200,68422.3827,-14733.4976,-14733.2626,-270.1329,1.5295,1.0,97454.1757,251531.0,2.651,0.5856
41300,67663.1259,-14579.9769,-14580.4639,-267.3233,1.452,1.0,68329.6373,225837.4883,1.9787,0.1349
41400,67396.2987,-14684.5766,-14684.7057,-269.1672,1.4948,1.0,279218.5959,964181.2969,4.1585,0.9708
41500,68830.1924,-14621.8915,-14622.5483,-268.0417,1.3365,1.0,234014.5815,778104.1094,1.6729,0.1689
41600,69304.6505,-14538.2889,-14538.1919,-266.6548,1.2617,1.0,141589.2851,499563.3203,3.0406,0.5069
41700,69641.1762,-14656.3716,-14656.5904,-268.6863,1.3663,1.0,166523.05,579334.2969,4.9324,0.9477
41800,67938.2491,-14531.7853,-14531.867,-266.391,1.2714,1.0,82085.4118,250369.9336,2.9449,0.5985
41900,73071.9364,-14445.6234,-14445.9517,-264.957,1.3633,1.0,107974.7182,361265.3516,4.1673,0.5302
42000,70375.1954,-14757.0805,-14757.4121,-270.4203,1.5922,1.0,362318.886,1203270.7031,3.0805,0.4806
42100,70962.6621,-14530.502,-14530.4517,-266.4787,1.43,1.0,68410.9099,208802.6094,1.7024,0.1036
42200,69507.3658,-14530.4236,-14530.8556,-266.4223,1.1853,1.0,100273.659,299622.0078,2.6853,0.1593
42300,68960.2192,-14718.0131,-14718.3641,-269.805,0.8885,1.0,323136.3459,1155480.1875,3.6766,0.441
42400,70749.9473,-14972.2353,-14972.2557,-274.5487,0.7982,1.0,116327.0185,407941.7812,1.5391,0.2873
42500,73933.6996,-14855.247,-14855.2573,-272.4203,0.7479,1.0,328875.0764,1152004.9062,1.4489,0.4319
42600,73268.4169,-14722.6277,-14722.9813,-270.0597,0.9561,1.0,161793.6813,488508.8281,5.3066,2.6268
42700,73289.9465,-14846.8021,-14847.5994,-272.261,1.0826,1.0,254996.2298,886892.8281,3.535,0.9377
42800,72684.4,-14632.8467,-14632.5827,-268.2177,1.1049,1.0,124491.7409,443136.7188,1.8954,0.1377
42900,70587.2888,-15144.1554,-15144.3798,-277.747,1.5567,1.0,295366.2301,1044081.0938,2.9993,0.7511
43000,82935.1447,-14606.3753,-14607.4195,-267.9403,2.0306,1.0,215094.7214,693140.1406,2.3679,0.7675
43100,81686.2264,-15048.1438,-15047.2497,-275.8462,1.7779,1.0,141978.344,504709.5859,1.8901,0.4648
43200,72811.2058,-14959.9092,-14960.7811,-274.412,1.6878,1.0,67805.4737,224224.1562,1.7882,0.2992
43300,69870.9303,-14802.9123,-14803.1791,-271.3709,2.0256,1.0,121921.0063,410151.5938,2.502,0.4891
43400,72611.4951,-15251.7558,-15251.8747,-279.664,2.33,1.0,261440.7852,932339.5312,2.544,0.4088
43500,72237.4627,-14921.4212,-14922.0152,-273.552,2.3329,1.0,337250.5297,1168058.5938,3.5459,1.1263
43600,72842.5202,-14833.5877,-14833.3277,-272.166,2.618,1.0,624293.5989,2251564.7188,2.1202,0.2481
43700,91030.5005,-15109.5919,-15110.7699,-276.9795,2.5523,1.0,149960.1923,456667.5938,3.061,0.7136
43800,75100.9671,-15204.2225,-15203.4891,-278.8938,2.6277,1.0,133494.9744,421933.375,3.3832,0.2125
43900,73718.5236,-14752.1451,-14752.5097,-270.5882,2.638,1.0,117833.55,398755.0938,1.5262,0.3114
44000,70546.3274,-15053.0768,-15053.0454,-275.9991,2.6497,1.0,136337.4081,455099.6016,2.6011,0.3873
44100,71462.4936,-15261.544,-15261.6809,-279.8625,2.4911,1.0,157806.8246,479427.4844,4.7349,0.9789
44200,72209.7527,-14950.5352,-14950.769,-274.102,2.5204,1.0,70531.1212,237101.918,4.243,1.2005
44300,73463.9727,-15053.7358,-15054.1738,-276.0552,2.576,1.0,116089.8325,367456.4766,2.5106,0.3483
44400,72817.7889,-15009.4076,-15009.2357,-275.2005,2.533,1.0,88493.9871,261015.2891,2.3665,0.5609
44500,72074.1168,-15112.639,-15113.0646,-277.1079,2.3511,1.0,71018.4711,245418.3633,3.2757,0.7929
44600,71002.8607,-14809.0888,-14809.8116,-271.5612,2.4021,1.0,188850.989,652757.875,3.5502,0.5312
44700,70986.941,-15116.5783,-15115.7335,-277.1057,2.572,1.0,142150.9884,475579.2734,2.2773,0.3376
44800,74329.1364,-15121.5636,-15122.2219,-277.1793,2.4907,1.0,649130.644,2332598.625,3.6724,0.7938
44900,78795.1564,-15103.5215,-15103.8739,-276.8872,2.6309,1.0,1132021.5045,3926662.625,3.2898,1.1199
45000,75280.6114,-14805.4928,-14805.5506,-271.518,2.7741,1.0,108407.6072,289044.9609,3.0289,0.6186
45100,73067.2707,-14792.4606,-14792.1673,-271.214,2.6213,1.0,243375.6249,835645.6562,2.3345,0.194
45200,71555.796,-15038.8533,-15039.2862,-275.7575,2.4923,1.0,235472.8008,741564.9375,2.5429,0.4562
45300,71219.9689,-15406.9952,-15407.1801,-282.3667,2.597,1.0,75167.0114,246923.5859,2.5437,0.4713
45400,71985.3029,-14969.0932,-14969.295,-274.4256,2.6369,1.0,288714.6233,991649.2812,2.1549,0.5807
45500,70283.1469,-15205.4211,-15205.3769,-278.7342,2.4794,1.0,165908.2133,596433.9531,3.2711,0.7547
45600,71296.672,-14912.0455,-14912.089,-273.439,2.3461,1.0,196697.621,658984.4844,4.476,0.5402
45700,72965.1116,-15016.7647,-15017.5739,-275.2931,2.0948,1.0,203390.4217,708234.6562,2.5618,0.4029
45800,97532.0753,-14831.681,-14832.0954,-271.9599,2.0663,1.0,588479.9311,2062792.0625,3.644,0.6855
45900,86282.183,-14597.9719,-14597.285,-267.7625,2.1941,1.0,153163.1533,451385.2031,4.6402,1.1649
46000,79998.6859,-14996.9678,-14997.5457,-274.9888,2.3147,1.0,1186944.5217,4228170.6875,4.104,1.106
46100,503284.3173,-15069.5301,-15067.0317,-276.1855,2.4031,1.0,1255501.8809,4137429.0625,2.9224,0.3098
46200,265188.4464,-15043.1991,-15051.8383,-276.326,2.3919,1.0,394115.6244,1092277.5312,1.696,0.2218
46300,119341.2386,-15292.5834,-15293.049,-280.7446,2.5347,1.0,124116.7738,362786.6719,3.9394,0.9899
46400,88916.0391,-15018.8913,-15018.5195,-275.3842,2.5884,1.0,194364.9623,655318.6719,2.5827,0.4461
46500,77145.2981,-14945.3715,-14944.4439,-274.1157,2.6205,1.0,63237.19,178157.1602,2.1741,0.2036
46600,74749.143,-15065.5311,-15064.6479,-276.3457,2.4905,1.0,38449.2794,101393.0645,3.1426,0.4004
46700,73781.3325,-15154.4063,-15153.8051,-277.9045,2.3567,1.0,110943.3529,376680.7891,2.3962,0.1894
46800,74669.3491,-15056.4162,-15056.1473,-276.1214,2.1535,1.0,70530.0438,237216.2695,4.8611,0.8849
46900,72841.5774,-14929.7706,-14928.7516,-273.7806,2.1616,1.0,59973.2842,192339.0508,2.9044,0.1296
47000,72018.6541,-14884.969,-14884.7733,-272.9011,1.9888,1.0,141679.6856,479527.9922,2.5833,0.3579
47100,73418.5427,-15005.3487,-15004.5133,-275.1961,1.9162,1.0,37492.4314,114882.0254,4.0682,0.1099
47200,72575.2683,-14884.5007,-14884.6615,-272.9739,1.7897,1.0,55068.3705,134556.6016,2.1654,0.2769
47300,73827.4959,-15167.9359,-15167.6582,-278.1418,1.4872,1.0,82265.6252,257892.3008,4.6797,0.7175
47400,73131.0274,-14934.0254,-14933.3501,-273.8788,1.698,1.0,34975.3644,110277.9766,2.8737,0.9026
47500,72731.1203,-15531.7209,-15531.7904,-284.8291,1.7068,1.0,58178.0034,156763.0469,2.5606,0.0984
47600,74901.105,-14890.3112,-14890.2149,-273.0663,1.9268,1.0,27415.8795,75106.4834,2.7828,0.4582
47700,73352.5252,-15501.0623,-15500.9433,-284.2736,2.0785,1.0,80956.6147,242358.7656,2.7938,0.4131
47800,74101.3508,-14911.5104,-14911.3443,-273.4586,1.974,1.0,40934.3817,103682.0938,2.6887,0.1306
47900,74365.7445,-14870.9067,-14870.7684,-272.7844,1.9735,1.0,31328.9884,70102.5469,2.6314,0.1386
48000,78372.137,-14933.3239,-14932.9932,-273.8886,1.9752,1.0,32304.8032,84182.5781,2.6781,0.1752
48100,75523.511,-14985.3859,-14985.5738,-274.8189,1.9746,1.0,66717.9903,233223.1602,3.5699,0.4371
48200,75090.1236,-15157.9527,-15157.9962,-277.9471,1.9083,1.0,78304.3052,199471.8984,3.768,0.9078
48300,74637.405,-15244.7609,-15244.4709,-279.5822,1.9733,1.0,42674.7289,137781.5938,1.836,0.2392
48400,75785.0119,-15386.9724,-15387.0457,-282.2444,2.1793,1.0,56328.5137,137619.0469,2.903,0.1005
48500,75220.1257,-15254.7618,-15254.7543,-279.8244,2.1776,1.0,48144.2223,138117.3105,2.7197,0.0994
48600,74872.7688,-15350.1111,-15350.0996,-281.4857,2.0093,1.0,146399.1048,456005.2266,2.9245,0.239
48700,77220.7961,-15105.9114,-15105.7695,-277.0017,2.0299,1.0,88105.2755,245420.9492,1.8636,0.0662
48800,76821.9964,-15102.0708,-15102.0161,-276.9963,1.9488,1.0,127309.7569,417496.2109,3.1467,0.1684
48900,79044.3666,-15405.0117,-15405.0433,-282.6259,1.807,1.0,114520.3146,402827.7656,3.7301,0.6509
49000,76494.3848,-14712.9194,-14713.2175,-269.7914,1.8484,1.0,59318.2535,174901.1172,4.5139,0.7235
49100,77167.6709,-15496.1755,-15496.427,-284.2468,1.7427,1.0,159762.67,515369.2188,2.4938,0.5289
49200,79648.693,-15127.1588,-15126.8492,-277.414,1.8942,1.0,412880.5272,1466285.125,3.6812,0.3182
49300,78658.3845,-15204.3958,-15205.0657,-278.8526,1.8598,1.0,139038.5626,476639.5078,2.3712,0.1544
49400,77260.8694,-15406.357,-15406.628,-282.5253,1.635,1.0,239314.8494,825380.3906,2.4483,0.2074
49500,77977.7928,-15547.1476,-15546.6297,-285.0998,1.6955,1.0,322357.0752,1154930.4531,2.4632,0.383
49600,80057.0133,-15011.0597,-15011.0918,-275.3794,1.5867,1.0,439770.7372,1581695.1875,2.7291,0.5226
49700,78068.4848,-15395.9132,-15395.9335,-282.3128,1.5819,1.0,61068.6555,196707.9141,1.4863,0.1702
49800,78913.9966,-15569.6029,-15569.6058,-285.6416,1.4892,1.0,121514.717,413809.1562,4.1487,0.3698
49900,78658.1609,-15144.1483,-15144.5539,-277.7597,1.5911,1.0,176134.6391,629171.6406,1.7076,0.3992
50000,79868.9541,-15227.1609,-15227.2308,-279.1872,1.4439,1.0,336087.8423,1171758.8438,1.4151,0.0905
50100,83137.4812,-15115.7242,-15116.5275,-277.5638,1.1401,1.0,101308.2871,347210.3516,5.2319,0.6225
50200,77915.8875,-15278.6949,-15278.1091,-280.2151,0.9544,1.0,108299.5677,364400.5156,1.3752,0.3243
50300,77380.9019,-15551.6415,-15551.8401,-285.246,0.978,1.0,94540.0863,265472.5078,1.5858,0.1277
50400,83454.3898,-15593.4068,-15593.2639,-286.1336,0.9377,1.0,305936.3431,1093336.7344,1.3694,0.1302
50500,79956.4628,-15347.5758,-15347.8716,-281.4897,0.9778,1.0,103573.155,350546.3594,2.0233,0.2782
50600,78778.547,-15621.7219,-15621.2851,-286.486,1.1295,1.0,189271.9097,648984.7344,3.2224,0.4308
50700,78764.1159,-15305.2616,-15305.3768,-280.6929,1.1919,1.0,514612.2689,1833866.3438,4.9015,0.4939
50800,79817.8972,-15513.6857,-15513.6091,-284.6013,1.2545,1.0,68874.1949,203839.6875,5.0635,0.6443
50900,79128.1579,-15461.0603,-15460.9718,-283.5395,1.2358,1.0,265548.453,933510.9688,2.3616,0.5166
51000,78951.2612,-15372.1188,-15372.3078,-282.0565,1.2016,1.0,311086.0601,1088616.7031,2.6774,0.1028
51100,81750.8375,-15420.7581,-15420.1071,-282.9432,1.0971,1.0,288014.2197,1039520.6094,3.1484,0.1388
51200,90449.1236,-15743.3915,-15744.3254,-288.7516,1.1015,1.0,1255800.091,4495744.8125,4.4764,0.4599
51300,87167.678,-15138.3839,-15138.1346,-277.7716,0.9677,1.0,284283.7036,1000450.5781,1.8553,0.1238
51400,79167.6286,-15545.1727,-15545.0092,-285.1386,0.9173,1.0,69756.5839,187797.0898,6.9442,0.9387
51500,81004.1902,-15294.0574,-15294.582,-280.6358,0.7168,1.0,429943.068,1489991.5,3.8804,0.4991
51600,79825.1862,-15646.3426,-15646.1627,-287.0285,0.5627,1.0,62829.2924,155106.6016,3.0147,0.2495
51700,79206.9936,-15379.7043,-15379.8307,-282.117,0.7073,1.0,75895.8951,176708.375,2.1282,0.2486
51800,78246.4062,-15493.8126,-15493.5695,-284.2531,1.0666,1.0,61445.4289,200805.1172,3.3199,0.3745
51900,78804.6153,-15270.1303,-15270.1388,-280.1268,1.1256,1.0,219596.4332,796312.9219,1.6152,0.1322
52000,83169.9645,-15696.7043,-15696.7997,-288.0185,0.9511,1.0,105336.6808,343666.7188,1.5102,0.2262
52100,80628.4672,-15608.84,-15608.5915,-286.2436,0.9818,1.0,271874.3122,993004.875,2.1192,0.13
52200,79966.9758,-15624.4883,-15624.2233,-286.619,1.0426,1.0,73317.6583,201112.7852,3.63,0.3772
52300,77042.9711,-15585.3163,-15586.093,-285.9132,1.1923,1.0,69044.0934,231875.8828,2.3943,0.181
52400,80179.8328,-15423.4832,-15423.0472,-282.9759,1.3205,1.0,224448.1209,729132.625,1.5358,0.1017
52500,78195.5378,-15892.4333,-15892.7297,-291.5613,1.2414,1.0,425616.7976,1478887.4062,3.6455,0.5199
52600,83692.2286,-15916.6806,-15917.1776,-291.8739,1.2169,1.0,1620712.7907,5788150.5,3.1076,0.4528
52700,87830.7852,-15784.2141,-15784.5084,-289.6939,1.1191,1.0,328573.8487,1145801.6406,2.9959,0.3371
52800,80590.6622,-15663.662,-15663.1498,-287.3155,1.0593,1.0,460726.3469,1648504.0938,1.3015,0.0667
52900,81744.3784,-15601.5471,-15601.0189,-286.2244,1.0542,1.0,82911.6753,258087.6953,3.2955,0.174
53000,79641.0492,-15404.091,-15404.7254,-282.5851,1.0732,1.0,537169.8636,1944641.8125,3.0092,0.09
53100,83400.7822,-15626.8153,-15625.9703,-286.9469,1.1162,1.0,586203.6537,2033658.4688,0.9782,0.0761
53200,89953.9541,-15610.3603,-15610.6153,-286.4043,1.1362,1.0,604133.7597,2158490.625,3.8658,0.6234
53300,78281.2856,-15236.5043,-15237.5874,-279.482,1.0792,1.0,70460.1225,229825.625,2.9081,0.1915
53400,78326.1109,-15934.0118,-15933.5496,-292.3588,1.1137,1.0,225213.616,785509.6094,4.2931,0.7749
53500,79696.5828,-15820.04,-15820.5135,-290.4327,1.1149,1.0,91878.0875,276329.2656,3.009,0.4362
53600,79489.4638,-15835.9988,-15836.0688,-290.5216,0.9954,1.0,123561.5795,400452.4375,1.6604,0.2248
53700,79818.2236,-16050.1055,-16050.1883,-294.5589,0.9145,1.0,882129.6832,3147482.3125,2.9496,0.4801
53800,79177.3282,-15842.4578,-15842.4722,-290.5689,1.0171,1.0,81181.2336,270347.7383,3.4267,0.5506
53900,79327.5227,-15655.7513,-15656.003,-287.1975,1.0218,1.0,175319.0543,578014.0078,3.2465,0.2873
54000,79780.8629,-16034.7543,-16034.2146,-294.3326,0.9128,1.0,91599.2094,315388.9961,1.447,0.1091
54100,77545.5742,-15759.8429,-15760.4808,-289.1162,0.8027,1.0,82770.7313,209152.2539,1.8186,0.2183
54200,87141.792,-15823.0023,-15822.9389,-290.3343,0.8257,1.0,970893.1188,3449058.5625,3.0834,0.2612
54300,89637.4948,-15790.0183,-15791.3813,-289.8772,0.8158,1.0,828203.6705,2968344.5,0.8625,0.0658
54400,82440.922,-15934.4492,-15933.3186,-292.4248,0.7148,1.0,260118.9584,907021.5781,1.7717,0.4099
54500,81440.2455,-15954.4892,-15954.7116,-292.8483,0.6648,1.0,121919.7048,421056.4766,1.6197,0.164
54600,78881.9584,-16005.6074,-16005.8791,-293.7392,0.6212,1.0,162458.3247,571494.4766,5.9278,1.0551
54700,78759.5145,-15556.2507,-15556.4995,-285.5422,0.6055,1.0,208565.5316,735389.5938,4.0612,0.3926
54800,78757.0583,-15793.8216,-15794.2681,-289.7414,0.7726,1.0,136778.4478,479534.1797,3.8933,0.1678
54900,77024.2247,-15833.7024,-15833.3925,-290.6243,1.0656,1.0,239678.41,828820.5156,2.1663,0.4007
55000,80057.1214,-15811.0805,-15812.1692,-290.1843,1.166,1.0,204595.001,703986.8203,5.1356,0.6396
55100,80444.1828,-15417.9067,-15417.7507,-282.9552,1.3862,1.0,91398.0519,267381.6602,1.5322,0.1569
55200,78299.6095,-16423.0114,-16423.0007,-301.3995,1.7838,1.0,124132.0244,420998.8438,2.5528,0.1774
55300,77658.5162,-16295.6595,-16295.8944,-298.9621,2.0753,1.0,110561.8699,358027.8789,2.2952,0.5191
55400,78745.7088,-16497.437,-16498.1614,-302.7505,1.9793,1.0,404887.874,1457304.1562,3.4081,0.794
55500,81009.7922,-15789.9223,-15790.3,-289.8321,2.0041,1.0,288628.8345,975835.1562,3.0124,0.9518
55600,79993.1733,-16047.2579,-16047.2864,-294.4992,2.2717,1.0,50907.4912,128601.627,3.2756,0.616
55700,77961.4339,-16097.9311,-16098.4144,-295.3528,2.338,1.0,56086.2517,163233.9258,2.6657,0.2798
55800,88518.863,-15859.3315,-15860.955,-291.0519,2.3575,1.0,398465.8749,1400195.875,4.1163,0.7107
55900,78457.3184,-15802.8437,-15801.4402,-289.9037,2.5566,1.0,221287.0312,786117.4219,3.311,0.732
56000,78194.2457,-15749.827,-15750.2706,-289.0365,2.6359,1.0,223666.729,772728.9375,3.5148,0.8072
56100,77848.8298,-15930.6623,-15930.8799,-292.2676,2.5216,1.0,80871.9074,254170.4961,1.5426,0.194
56200,78770.3962,-15951.3781,-15951.2441,-292.7837,2.5911,1.0,157158.1912,526179.1484,3.0337,0.7628
56300,78701.625,-15745.4516,-15745.9982,-289.0519,2.621,1.0,270311.1889,955868.3906,2.4229,0.1869
56400,79192.1431,-15878.6112,-15878.8723,-291.3618,2.6739,1.0,730563.2978,2627614.8125,2.6334,0.1308
56500,84682.5515,-15507.4267,-15507.7838,-284.3788,2.7622,1.0,457702.7493,1616292.1562,2.5112,0.5284
56600,76937.2836,-15779.9184,-15779.8955,-289.5445,2.7109,1.0,148020.9334,385180.4766,2.6181,0.2766
56700,74324.3023,-15838.5884,-15838.9935,-290.5966,2.6906,1.0,58769.7484,148759.3125,3.1129,0.904
56800,75340.0481,-15436.149,-15436.1726,-283.2019,2.9848,1.0,397184.0032,1442475.625,2.2976,0.7513
56900,75535.7436,-15863.4562,-15864.4036,-291.0904,3.184,1.0,105341.4635,326506.0312,2.1254,0.3012
57000,77966.0588,-15773.5637,-15774.5159,-289.5189,3.3545,1.0,336479.3782,1154356.2031,2.785,1.1304
57100,74536.6388,-15652.4776,-15651.3194,-287.0845,3.4208,1.0,444666.2246,1587176.75,1.3746,0.2129
57200,72786.5498,-16054.8981,-16055.4981,-294.498,3.4226,1.0,87582.6173,268195.3672,2.15,0.5668
57300,73848.4131,-16200.6774,-16200.7869,-297.2359,3.4073,1.0,326448.5573,1166909.3594,1.5563,0.3012
57400,76270.9817,-15958.0312,-15958.4799,-292.6278,3.4905,1.0,445665.7974,1581158.5312,1.8914,0.4098
57500,74665.4934,-15658.2148,-15658.5977,-287.3147,3.5795,1.0,81329.0702,212843.1094,1.4965,0.3656
57600,74370.9698,-15586.4288,-15586.2739,-285.9022,3.6019,1.0,276853.8137,998568.1562,2.598,0.9871
57700,76533.5726,-15891.348,-15891.9275,-291.6721,3.5125,1.0,203764.2966,714457.8906,3.0372,1.1244
57800,76867.0577,-15477.0477,-15476.9778,-283.924,3.4167,1.0,124405.0183,392469.8047,1.5786,0.2809
57900,74416.8705,-15932.8049,-15933.2791,-292.2431,3.3167,1.0,137787.1058,451739.4844,2.9392,0.9579
58000,75326.6196,-15814.8876,-15815.4987,-290.1493,3.3864,1.0,171163.389,602038.3672,2.8406,0.9923
58100,77798.4666,-15312.2505,-15312.6726,-280.8856,3.4742,1.0,485343.1961,1685661.625,1.7065,0.1033
58200,77721.9651,-15922.562,-15922.6936,-292.1011,3.4648,1.0,111761.3324,327222.1172,2.1499,0.7366
58300,74268.6605,-16041.351,-16041.0579,-294.2775,3.4133,1.0,53394.7351,123661.502,2.0205,0.4433
58400,76420.6884,-15626.8958,-15627.2942,-286.6005,3.3955,1.0,669445.7567,2363967.0938,1.9222,0.5398
58500,88133.8036,-15608.7193,-15609.6933,-286.5265,3.5099,1.0,615224.8633,2194825.5312,1.468,0.1404
58600,78058.924,-16038.4057,-16037.958,-294.1777,3.5012,1.0,88176.2756,285251.5664,1.8318,0.5435
58700,74580.6461,-15744.3064,-15745.3001,-288.7029,3.4612,1.0,79900.1165,163437.332,1.2429,0.1764
58800,93605.3159,-16286.0527,-16287.4674,-298.9377,3.3421,1.0,1834176.9087,6363842.125,4.8762,2.1334
58900,373046.3944,-16038.4606,-16033.9241,-293.677,3.1805,1.0,745083.2303,2648498.6875,2.8754,0.5365
59000,92312.8222,-15941.239,-15941.3562,-292.4374,2.9291,1.0,191432.4653,621064.9375,3.1591,0.4374
59100,79816.3685,-15777.7429,-15779.0329,-289.3477,2.7208,1.0,127979.2055,432441.5312,1.9571,0.4547
59200,77187.275,-15905.3346,-15905.5688,-291.7444,2.8414,1.0,141545.6813,464802.1172,2.2571,0.2919
59300,75810.45,-15684.9829,-15684.9736,-287.7005,2.7925,1.0,70254.8811,184936.4297,1.5337,0.1966
59400,75734.2862,-15779.5379,-15780.0595,-289.3699,2.6961,1.0,80391.9636,210052.1016,2.3247,0.187
59500,73809.2444,-16014.6541,-16015.2749,-293.7486,2.7203,1.0,139001.6003,293311.7188,1.9213,0.5218
59600,75392.3355,-15495.137,-15495.4549,-284.2343,2.8902,1.0,120816.8951,341745.8438,3.4555,1.0905
59700,73888.4864,-15665.0525,-15665.5997,-287.3103,3.0029,1.0,122015.1328,323793.875,3.8778,1.524
59800,75648.1195,-15634.1171,-15634.8636,-286.7097,3.1448,1.0,215304.7272,493000.1094,1.5402,0.2629
59900,74444.747,-15759.4042,-15759.7471,-288.9989,3.2267,1.0,57450.1388,150581.7305,3.1308,0.894
60000,73234.2525,-15847.1722,-15847.0404,-290.6335,3.2837,1.0,109730.9574,247195.7461,1.8412,0.3193
60100,74654.5459,-15734.1945,-15734.9976,-288.5789,3.3457,1.0,102731.6238,315567.8125,2.4501,0.7399
60200,74480.5725,-15908.7499,-15909.0636,-291.7345,3.3444,1.0,112836.4655,393431.9609,1.8781,0.5783
60300,75564.9274,-15613.9326,-15613.8857,-286.3359,3.4032,1.0,239125.9921,843725.0938,1.8094,0.5843
60400,75735.6675,-15501.3965,-15501.9318,-284.2328,3.4996,1.0,95280.0031,211443.9961,3.0517,0.9844
60500,74476.3543,-16142.2645,-16142.4833,-296.0072,3.4305,1.0,129783.7591,323821.8438,2.7301,0.8891
60600,75172.9062,-15581.8592,-15582.1301,-285.7627,3.3893,1.0,135183.5178,310915.3203,1.4384,0.1954
60700,75058.7198,-15476.763,-15476.8368,-283.8401,3.4652,1.0,103439.5561,292218.7812,2.8518,1.071
60800,75274.3889,-15630.8522,-15631.5603,-286.6397,3.3768,1.0,51307.8634,120928.3594,1.8421,0.2415
60900,75292.6786,-15605.8891,-15605.8316,-286.1571,3.4069,1.0,136267.1949,326985.5,2.1602,0.2469
61000,76133.9463,-15746.0183,-15746.0783,-288.7333,3.3953,1.0,142431.7968,434517.75,1.4116,0.1992
61100,74696.9388,-15926.2931,-15926.9871,-292.0386,3.4419,1.0,99902.0052,248242.832,2.6904,0.7105
61200,74315.9187,-15558.9382,-15558.9538,-285.293,3.5119,1.0,84521.9512,240527.4023,3.2738,1.2266
61300,74148.9353,-15741.0952,-15741.7348,-288.6063,3.6196,1.0,97991.3202,278401.3711,1.7043,0.4557
61400,74052.9002,-16031.6453,-16031.6577,-293.9775,3.625,1.0,108181.6419,248822.5,1.7139,0.4496
61500,74075.2055,-15480.4917,-15480.4717,-283.8531,3.6715,1.0,99073.8666,331917.6641,2.2827,0.6795
61600,74184.0011,-15778.8304,-15779.2886,-289.2828,3.6046,1.0,155431.0276,456184.7812,2.1808,0.616
61700,74401.2875,-15806.1225,-15806.3283,-289.7808,3.6019,1.0,161995.2322,385856.6797,1.8994,0.2915
61800,74754.1269,-15637.077,-15637.2397,-286.7701,3.6458,1.0,189960.1977,643285.0312,2.8043,0.7385
61900,74071.7802,-15717.8919,-15718.6115,-288.1711,3.6626,1.0,57202.139,151331.8438,1.5046,0.2903
62000,74538.128,-15919.5808,-15919.3037,-291.9458,3.6199,1.0,273761.6032,947272.6562,1.596,0.1908
62100,71941.514,-15837.6156,-15837.7928,-290.3314,3.5944,1.0,114677.5966,273028.2812,1.3383,0.0688
62200,74530.1762,-15680.6173,-15681.0955,-287.5482,3.6791,1.0,165457.6127,574033.9609,1.9019,0.3587
62300,76168.8327,-15622.7863,-15622.8895,-286.4303,3.7102,1.0,172219.1116,518722.2969,1.4452,0.2227
62400,76310.2424,-15580.9449,-15581.2918,-285.7177,3.7607,1.0,137482.1487,412955.6797,1.0878,0.0903
62500,75222.9377,-15430.4416,-15430.7968,-282.8543,3.8131,1.0,70613.7052,187482.2656,1.8155,0.6682
62600,75193.8762,-15866.4613,-15866.4619,-290.9263,3.8544,1.0,262193.9999,939383.9062,0.9521,0.1744
62700,73829.4046,-16122.5239,-16122.6441,-295.5792,3.8999,1.0,109059.4048,335488.1406,0.9044,0.249
62800,74728.9578,-15838.9244,-15838.808,-290.4143,3.9683,1.0,82727.1957,198986.5742,0.5867,0.0532
62900,73216.3555,-15645.5775,-15646.3882,-286.8384,3.9686,1.0,196899.9361,437478.3828,0.3499,0.012
63000,75897.7264,-15645.6753,-15646.2718,-286.8954,3.9683,1.0,88751.2093,218319.8164,0.4687,0.0651
63100,75182.6845,-15603.5158,-15603.1903,-286.0688,3.9686,1.0,80148.8971,187830.7617,0.3846,0.0385
63200,75254.522,-15763.9236,-15764.4029,-289.0243,3.9686,1.0,94815.972,218090.9219,0.3839,0.0108
63300,75377.3591,-15818.6636,-15818.6104,-290.0266,3.9685,1.0,217797.9208,689997.75,0.3641,0.0303
63400,76323.6144,-15554.6551,-15554.9858,-285.2785,3.9683,1.0,40521.776,108387.8418,0.4194,0.0443
63500,75487.6641,-15627.9063,-15628.2984,-286.5101,3.9686,1.0,165987.3539,567533.1016,0.3693,0.0099
63600,75094.0558,-15474.5629,-15474.5551,-283.7155,3.9684,1.0,223414.3905,768120.6719,0.4184,0.0413
63700,74831.138,-15326.7567,-15326.4485,-281.0463,3.9684,1.0,89820.6576,222317.1641,0.4002,0.0295
63800,75049.608,-15838.0221,-15838.5014,-290.3754,3.9684,1.0,106937.5666,254940.6406,0.359,0.0508
63900,76754.4059,-15663.0311,-15662.7182,-287.2397,3.9685,1.0,303342.8127,1034482.3125,0.3365,0.0125
64000,78451.722,-15488.0518,-15488.2031,-283.783,3.9685,1.0,158720.6192,444598.3281,0.3501,0.0042
64100,76453.6927,-15370.98,-15371.253,-281.8262,3.9684,1.0,141382.4231,445064.6016,0.4136,0.0591
64200,75600.7762,-15627.0173,-15627.3787,-286.4792,3.9685,1.0,336287.6416,1174957.5156,0.3647,0.0069
64300,75536.2861,-15539.2152,-15539.7245,-284.8609,3.9683,1.0,87437.1844,219029.2773,0.3332,0.0191
64400,73667.1555,-15929.5591,-15929.4385,-292.0217,3.9684,1.0,163361.7128,524710.8125,0.347,0.0202
64500,73256.6178,-15849.6475,-15849.8223,-290.5593,3.9683,1.0,152522.623,359836.6953,0.4199,0.0054
64600,198198.3473,-15614.434,-15617.3641,-286.0199,3.9685,1.0,1113134.0409,3844819.0,0.3806,0.0274
64700,128991.2572,-15548.5528,-15545.3293,-285.1442,3.9684,1.0,167821.9684,560226.0391,0.3976,0.0261
64800,78387.1734,-15297.8773,-15297.7254,-280.4867,3.9685,1.0,103641.0644,257523.8164,0.4174,0.0323
64900,75467.6641,-15699.5626,-15700.3952,-287.767,3.9683,1.0,41979.8668,87754.3457,0.2947,0.0057
65000,74577.0841,-15525.4204,-15526.5418,-284.6436,3.9687,1.0,42125.3452,110140.7695,0.3667,0.0161
65100,75727.9714,-15705.7151,-15706.1519,-287.8971,3.9683,1.0,43128.9778,114136.6387,0.4182,0.0235
65200,74022.8516,-15653.8617,-15653.6463,-286.9629,3.9685,1.0,62236.1013,187137.4102,0.3479,0.0059
65300,75895.5898,-15309.2787,-15309.4788,-280.6624,3.9684,1.0,51559.0039,111257.3965,0.4225,0.0481
65400,75470.249,-15470.715,-15470.6869,-283.5784,3.9683,1.0,84654.0264,219979.0391,0.4637,0.0443
65500,74555.3323,-15318.4487,-15318.5086,-280.7921,3.9684,1.0,43479.5681,105825.6035,0.3806,0.0054
65600,74477.9713,-15525.8115,-15526.4276,-284.5491,3.9686,1.0,114513.173,238190.2188,0.2894,0.0041
65700,75855.5426,-15777.808,-15778.0352,-289.2442,3.9684,1.0,65035.9133,130099.3125,0.3264,0.0089
65800,74987.8432,-15616.0335,-15616.289,-286.2692,3.9685,1.0,125142.6803,346903.7812,0.4432,0.0243
65900,74960.4731,-15470.7221,-15471.0169,-283.6167,3.9686,1.0,86083.4104,236960.4141,0.4069,0.0128
66000,75078.5792,-15590.7774,-15590.714,-285.7814,3.9684,1.0,52215.69,109926.084,0.3779,0.0059
66100,74428.56,-15358.471,-15358.7429,-281.4919,3.9682,1.0,75425.3497,142311.5,0.3927,0.0018
66200,75393.8884,-15655.73,-15656.3103,-286.9653,3.9684,1.0,113015.499,310769.1406,0.355,0.0017
66300,74227.2118,-15623.6633,-15623.789,-286.3849,3.9684,1.0,93619.1455,247389.9688,0.368,0.0052
66400,75526.7073,-15688.9741,-15689.0272,-287.5378,3.9683,1.0,69557.7485,137803.3828,0.3865,0.0048
66500,74287.4661,-15908.3315,-15908.8331,-291.5874,3.9684,1.0,121847.8658,283020.3242,0.3923,0.0042
66600,74864.9533,-15686.1153,-15686.8138,-287.5252,3.9684,1.0,99827.2205,298789.7969,0.3946,0.0096
66700,74499.6596,-15667.3989,-15667.2576,-287.1832,3.9686,1.0,148214.9043,336066.8906,0.2782,0.0047
66800,76517.9066,-15220.9904,-15221.9971,-279.0486,3.9684,1.0,101936.808,215626.4297,0.313,0.0081
66900,75086.2438,-15668.3884,-15667.7296,-287.1481,3.9682,1.0,73952.8412,193189.2422,0.3898,0.009
67000,74492.2675,-15690.7139,-15691.1816,-287.6653,3.9685,1.0,55783.732,157000.9277,0.3058,0.0196
67100,75076.9039,-15277.3079,-15277.5435,-280.0262,3.9684,1.0,79026.3373,170621.2773,0.3125,0.0067
67200,73320.6376,-15366.1046,-15366.7353,-281.7006,3.9685,1.0,85327.1921,176097.4336,0.2481,0.001
67300,75641.8874,-15461.323,-15461.2195,-283.3715,3.9681,1.0,62621.753,130604.2676,0.4553,0.0169
67400,76257.2634,-15131.9123,-15133.0914,-277.4177,3.9668,1.0,142852.2443,369189.7266,0.3851,0.0259
67500,75361.4926,-15394.3252,-15394.174,-282.2008,3.9677,1.0,150018.7549,370353.0469,0.5877,0.0466
67600,75175.65,-15644.2815,-15644.684,-286.8014,3.9684,1.0,74395.7123,161597.5195,0.358,0.014
67700,76363.2119,-15359.2738,-15359.6549,-281.4941,3.9685,1.0,75667.9958,217689.9492,0.4191,0.0159
67800,74975.8141,-15466.1813,-15466.3138,-283.5361,3.9685,1.0,154527.1055,359836.9688,0.4394,0.0163
67900,75064.8708,-15216.3679,-15216.6927,-278.8652,3.9686,1.0,115449.1433,259087.5117,0.3902,0.0246
68000,76186.2177,-15217.3384,-15217.9814,-278.9461,3.9685,1.0,65336.1478,130072.8633,0.2956,0.0101
68100,74707.9379,-15647.5778,-15647.384,-286.7841,3.9683,1.0,86192.9714,257976.1094,0.3959,0.0285
68200,75295.6955,-15162.8065,-15163.1732,-277.9586,3.9684,1.0,64286.649,153029.8945,0.3543,0.0034
68300,76608.1034,-15005.612,-15005.7698,-275.0647,3.9684,1.0,98060.1668,293649.793,0.3108,0.0028
68400,74951.5977,-15337.0439,-15337.4496,-281.0861,3.9683,1.0,103290.8237,277692.7578,0.4166,0.0015
68500,75617.5391,-15037.4504,-15037.7237,-275.6032,3.9681,1.0,74837.2072,165732.5,0.3337,0.0086
68600,76470.7023,-15454.6995,-15454.8598,-283.2461,3.9685,1.0,95330.0143,223793.4062,0.3939,0.0101
68700,75544.9857,-15753.2483,-15753.7078,-288.6979,3.9683,1.0,83162.3157,201061.25,0.3255,0.022
68800,75705.5292,-15475.264,-15475.7357,-283.6547,3.9685,1.0,174316.5362,544120.2734,0.4339,0.0274
68900,75554.384,-15487.4279,-15487.3902,-283.8308,3.9683,1.0,126250.4386,412880.2109,0.4355,0.0134
69000,77909.0627,-15108.8542,-15109.136,-276.9295,3.9683,1.0,103486.788,286615.918,0.3332,0.0135
69100,76828.9664,-15297.2153,-15297.4824,-280.4026,3.9683,1.0,107302.8234,264098.4492,0.3588,0.0123
69200,77138.0058,-15094.6173,-15095.0551,-276.6836,3.9683,1.0,54828.0796,151256.3887,0.3458,0.0105
69300,77966.8955,-15360.8958,-15361.5496,-281.5121,3.9684,1.0,190376.6751,671306.2188,0.3471,0.0125
69400,77827.2886,-15239.5796,-15239.5544,-279.2581,3.9683,1.0,125598.9573,372966.9297,0.3401,0.0064
69500,76916.7642,-15699.5498,-15699.4487,-287.6557,3.9685,1.0,155536.2865,473779.2266,0.3563,0.0078
69600,77410.3553,-15392.1419,-15392.8075,-282.0722,3.9684,1.0,277200.6202,566424.2578,0.3303,0.0218
69700,79357.2348,-15175.0971,-15175.1152,-278.2489,3.9682,1.0,121677.0774,393139.8359,0.3722,0.0152
69800,76742.8232,-15173.4688,-15173.8479,-278.0676,3.9685,1.0,70273.2277,147162.0273,0.2637,0.0046
69900,76191.0408,-15324.7081,-15324.9538,-280.8329,3.9684,1.0,67628.7595,156491.5957,0.3517,0.0142
70000,78237.03,-15099.9493,-15099.8572,-276.8286,3.9681,1.0,127374.4791,393260.1719,0.3644,0.006
70100,77631.7012,-15370.2929,-15371.1019,-281.6306,3.9684,1.0,137058.1717,429129.6016,0.356,0.0289
70200,77432.9035,-15464.4357,-15464.2891,-283.3879,3.9683,1.0,269611.5168,924926.375,0.3612,0.0097
70300,78519.7516,-14995.6243,-14995.7654,-275.0063,3.9682,1.0,58773.1354,143971.3086,0.4039,0.0135
70400,74655.5913,-15371.7564,-15372.1472,-281.7434,3.9682,1.0,235319.0954,766328.9531,0.4429,0.0441
70500,76831.397,-15340.2461,-15341.0231,-281.184,3.9683,1.0,63409.2427,135451.4297,0.3579,0.031
70600,78483.6534,-15567.3579,-15567.6459,-285.3079,3.9682,1.0,78646.4014,159920.8047,0.2991,0.004
70700,77146.5619,-15039.2067,-15039.3773,-275.5778,3.9682,1.0,232569.6395,741990.0781,0.4065,0.033
70800,77493.4638,-15415.1381,-15414.9393,-282.5949,3.9683,1.0,109691.1541,314742.5898,0.3627,0.0142
70900,121800.4248,-15271.1229,-15275.4886,-280.0674,3.9684,1.0,784802.6186,1958333.6562,0.2724,0.0055
71000,272351.8939,-15705.2182,-15704.2919,-287.169,3.9681,1.0,245153.834,709504.3906,0.3572,0.0027
71100,393255.3178,-15166.148,-15132.1466,-277.8948,3.9681,1.0,1553278.5301,3592612.0625,0.29,0.0
71200,496194.0505,-15181.5506,-15204.3871,-278.7343,3.9681,1.0,1155948.6186,3814041.125,0.3191,0.0
71300,698738.2744,-15092.0113,-15080.1102,-276.5765,3.9683,1.0,305285.7854,890664.5469,0.2688,0.0
71400,478276.9175,-15642.4871,-15644.1212,-287.4255,3.9681,1.0,377533.654,1005437.3594,0.3158,0.0
71500,247363.6705,-16205.4976,-16220.8482,-297.5726,3.9682,1.0,167996.6743,493949.2734,0.3214,0.0
71600,100884.1739,-16210.0614,-16216.4798,-297.5158,3.9683,1.0,149795.992,437958.75,0.3035,0.0
71700,65726.6627,-15935.6704,-15941.0002,-292.5454,3.9684,1.0,71181.9947,170803.6992,0.3167,0.0
71800,51811.0234,-16070.9973,-16073.9054,-294.9937,3.9683,1.0,130063.0308,320794.9453,0.2668,0.0
71900,44089.1429,-16008.904,-16011.145,-293.773,3.9681,1.0,39674.5927,103860.127,0.2857,0.0
72000,41355.3849,-15827.9778,-15830.4887,-290.5571,3.9682,1.0,26411.3229,84032.6055,0.3378,0.0
72100,40406.9065,-16063.674,-16064.7729,-294.7897,3.9682,1.0,21733.7773,59052.5605,0.3411,0.0
72200,38930.1491,-16059.2008,-16060.6639,-294.6735,3.9682,1.0,42991.3018,135880.5801,0.3432,0.0
72300,38618.1655,-16022.0578,-16022.5982,-294.0116,3.9683,1.0,20689.7993,51416.9932,0.2907,0.0
72400,38420.3695,-15941.5471,-15942.055,-292.5561,3.9684,1.0,14332.6457,35820.3506,0.3478,0.0
72500,37923.4483,-15797.953,-15798.9735,-289.9548,3.9683,1.0,30392.6184,82045.0703,0.3383,0.0
72600,37934.838,-16014.2468,-16014.808,-293.861,3.9682,1.0,23529.6863,75624.1328,0.3556,0.0
72700,37087.4528,-15535.1337,-15535.7593,-285.164,3.9683,1.0,34703.4632,99186.5488,0.3539,0.0
72800,37221.0675,-15669.9749,-15670.5068,-287.639,3.9683,1.0,10906.2091,31888.6455,0.2801,0.0
72900,37227.0699,-15662.279,-15662.7408,-287.4565,3.9682,1.0,17749.2989,57003.1924,0.3108,0.0
73000,37170.9895,-15714.7621,-15715.0216,-288.428,3.9681,1.0,43665.6166,149821.8613,0.3341,0.0
73100,37116.3537,-15838.352,-15838.7124,-290.6121,3.968,1.0,25577.2839,84654.293,0.2998,0.0
73200,37421.6729,-15860.8303,-15860.8819,-291.0417,3.9683,1.0,47758.9503,120026.0527,0.3083,0.0
73300,36808.9296,-15651.8348,-15652.5841,-287.259,3.9683,1.0,24993.3277,62936.1328,0.3131,0.0
73400,36423.7358,-15856.6008,-15855.8974,-290.9354,3.9682,1.0,20230.2592,53585.2959,0.2907,0.0
73500,36507.2532,-15693.6604,-15694.3857,-287.9718,3.9683,1.0,25335.191,72329.5479,0.2932,0.0
73600,36575.5164,-15967.8654,-15967.3954,-292.9599,3.9681,1.0,41882.6013,146765.7754,0.2976,0.0
73700,36781.3094,-15789.8316,-15789.6796,-289.7326,3.9685,1.0,27904.3397,73966.6777,0.3296,0.0
73800,36817.1408,-15798.6244,-15798.4092,-289.8855,3.9682,1.0,23484.9599,83340.8848,0.3349,0.0
73900,36672.1634,-15631.9846,-15631.6422,-286.8866,3.9682,1.0,25118.7553,71964.1426,0.3412,0.0
74000,36726.7193,-15713.8459,-15713.4014,-288.3561,3.9683,1.0,15855.2658,46460.1523,0.3192,0.0
74100,37070.3973,-15776.6347,-15776.224,-289.4732,3.9684,1.0,41845.8239,119979.1836,0.2905,0.0
74200,37207.1933,-15914.2979,-15914.0338,-291.9522,3.9683,1.0,39049.9128,109626.6777,0.3756,0.0
74300,37463.3875,-15569.449,-15568.8994,-285.7049,3.9682,1.0,30400.6678,104519.3398,0.2911,0.0
74400,37266.6116,-15701.0512,-15700.6288,-288.032,3.9682,1.0,20606.9298,59157.9873,0.2755,0.0
74500,37672.6662,-15858.3949,-15858.401,-290.9086,3.9683,1.0,40676.7007,102114.6191,0.3646,0.0
74600,37455.951,-15480.1552,-15479.293,-284.0002,3.9683,1.0,53854.7066,127480.2676,0.2735,0.0
74700,39047.3586,-15672.2876,-15671.8718,-287.5524,3.9682,1.0,27062.3214,80392.8115,0.3381,0.0
74800,38518.6176,-15560.9904,-15560.5132,-285.4912,3.9682,1.0,26768.3921,87788.3301,0.2988,0.0
74900,38365.0719,-15456.6018,-15455.9207,-283.6096,3.9684,1.0,45494.3115,136036.7773,0.297,0.0
75000,38694.248,-15497.3529,-15496.9198,-284.3618,3.9684,1.0,24437.1732,70227.2188,0.2756,0.0
75100,39267.1362,-15536.7189,-15536.4816,-285.0693,3.9683,1.0,14340.4579,39062.6997,0.3182,0.0
75200,38901.0919,-15370.7751,-15370.293,-281.9931,3.9684,1.0,48346.4964,170237.9766,0.3198,0.0
75300,40165.75,-15542.3579,-15541.7542,-285.1488,3.9683,1.0,52135.8457,158973.9922,0.3648,0.0
75400,39792.7942,-15516.8114,-15516.323,-284.6605,3.9682,1.0,35110.3713,96395.9043,0.3128,0.0
75500,40518.5477,-15428.8669,-15428.6445,-283.0538,3.9683,1.0,37050.8877,102945.1621,0.2783,0.0
75600,40941.2099,-15275.2893,-15274.8341,-280.2793,3.9684,1.0,51100.9828,185603.8555,0.323,0.0
75700,41258.1167,-15581.624,-15581.3266,-285.8378,3.9682,1.0,30726.1994,96575.0176,0.3078,0.0
75800,41567.8464,-15684.9179,-15684.5099,-287.6887,3.9682,1.0,17752.6437,43187.4512,0.3025,0.0
75900,41690.367,-15619.6871,-15619.3165,-286.4545,3.9684,1.0,26635.7035,63671.9326,0.3018,0.0
76000,41706.2488,-15410.2997,-15409.9743,-282.6715,3.9684,1.0,21415.7928,64273.5391,0.3282,0.0
76100,41886.9193,-15544.8614,-15544.458,-285.0902,3.9684,1.0,23286.531,69686.3662,0.3178,0.0
76200,42831.6934,-15335.7897,-15335.4444,-281.3415,3.9684,1.0,15464.7377,47569.4834,0.3656,0.0
76300,42854.6775,-15508.8716,-15508.5298,-284.4548,3.9682,1.0,20029.4812,55844.3945,0.3403,0.0
76400,43042.993,-15644.3157,-15644.0319,-286.9124,3.9681,1.0,48397.248,174882.3281,0.3273,0.0
76500,43157.534,-15474.0493,-15474.105,-283.8104,3.9682,1.0,191315.5754,444580.875,0.306,0.0
76600,43841.1224,-15424.0596,-15423.8777,-282.878,3.9684,1.0,22850.7763,59832.7393,0.2847,0.0
76700,44398.5054,-15298.0974,-15297.6295,-280.5812,3.9681,1.0,71171.3082,200658.332,0.3185,0.0
76800,44423.6297,-15593.8756,-15593.6936,-285.9528,3.9684,1.0,39574.9801,145637.0059,0.3635,0.0
76900,44482.432,-15462.2815,-15461.9718,-283.5659,3.9682,1.0,24380.9177,57640.6816,0.3033,0.0
77000,44806.6741,-15445.8672,-15445.5709,-283.3011,3.9683,1.0,43098.159,160977.6094,0.3283,0.0
77100,44825.8177,-15617.8056,-15617.9805,-286.3488,3.9683,1.0,22541.0879,73346.8691,0.2828,0.0
77200,44747.7725,-15374.5355,-15374.6618,-281.9333,3.9682,1.0,47004.8564,147891.498,0.3589,0.0
77300,45760.1097,-15232.428,-15232.1746,-279.407,3.9684,1.0,121589.5765,335007.3438,0.3437,0.0
77400,45892.748,-15203.0089,-15202.9279,-278.768,3.9683,1.0,28356.7535,80901.8301,0.3276,0.0
77500,46037.0031,-15377.3699,-15377.6735,-281.991,3.9681,1.0,28074.4867,91719.3867,0.3084,0.0
77600,46673.4053,-15340.4678,-15340.3081,-281.3068,3.9681,1.0,25853.2194,65947.3564,0.3203,0.0
77700,46181.0307,-15191.7194,-15191.2402,-278.6077,3.9682,1.0,22550.8069,66100.4551,0.2939,0.0
77800,47150.6637,-15610.5405,-15610.7226,-286.2221,3.9684,1.0,68649.3559,147869.0,0.3545,0.0
77900,47013.2567,-15349.67,-15349.3717,-281.454,3.9683,1.0,18194.0251,53893.8613,0.3799,0.0
78000,46803.4509,-15344.7511,-15345.3753,-281.3401,3.9684,1.0,26819.4944,80825.2559,0.3332,0.0
78100,46667.3716,-15395.1719,-15395.0844,-282.2858,3.9684,1.0,25498.9372,72033.793,0.3643,0.0
78200,47874.0232,-15309.0268,-15309.2115,-280.6763,3.9684,1.0,26221.6084,61075.2197,0.3198,0.0
78300,46928.3541,-15239.4536,-15239.7532,-279.4418,3.9683,1.0,32185.9934,110830.0723,0.2946,0.0
78400,47956.2174,-15642.0275,-15642.0029,-286.7941,3.9683,1.0,36421.7728,119539.959,0.319,0.0
78500,48786.9402,-15242.9862,-15243.252,-279.4776,3.9681,1.0,36779.0681,112269.7227,0.2872,0.0
78600,48742.7922,-15191.9964,-15192.3767,-278.5354,3.9684,1.0,71869.046,205277.9961,0.3724,0.0
78700,49310.5902,-15511.4334,-15511.5287,-284.3978,3.9683,1.0,51556.3565,133322.2617,0.3309,0.0
78800,50621.933,-15100.9349,-15100.7507,-276.8547,3.9682,1.0,50739.6075,174058.1094,0.3663,0.0
78900,50433.1521,-15069.9085,-15070.1353,-276.3488,3.9683,1.0,47811.9243,123018.5625,0.3262,0.0
79000,50138.6238,-15162.6984,-15163.02,-277.9641,3.9683,1.0,53157.857,170238.0547,0.2799,0.0
79100,50978.5038,-15279.4189,-15279.7553,-280.078,3.9681,1.0,57327.4504,191404.8398,0.2584,0.0
79200,52330.7441,-15443.5262,-15444.1416,-283.1751,3.9683,1.0,28593.2222,87150.7715,0.3123,0.0
79300,52177.5453,-15441.5974,-15441.5292,-283.0521,3.9681,1.0,28582.9054,68111.3574,0.3171,0.0
79400,52218.7257,-15318.4795,-15318.7337,-280.819,3.9681,1.0,101662.4079,383801.5156,0.3711,0.0
79500,52247.6809,-15304.7137,-15305.2049,-280.5528,3.9682,1.0,27581.3979,82559.0391,0.3189,0.0
79600,51893.3562,-15353.7978,-15353.9876,-281.4628,3.9682,1.0,79316.1515,282796.4141,0.2987,0.0
79700,53010.6055,-15246.4694,-15246.4988,-279.4433,3.9681,1.0,50566.3295,136479.0293,0.2837,0.0
79800,53344.8295,-15323.8661,-15324.1184,-280.8893,3.9681,1.0,42174.4712,143638.8477,0.2234,0.0
79900,52648.1808,-15497.5013,-15497.6883,-284.0543,3.9682,1.0,81970.6082,288099.0703,0.2872,0.0
80000,54931.1322,-15021.2714,-15021.4816,-275.3528,3.9683,1.0,91454.599,330501.7188,0.335,0.0
80100,53773.2295,-15351.2711,-15351.5542,-281.3853,3.9681,1.0,81430.883,290902.0469,0.2988,0.0
80200,53467.7598,-15426.4832,-15426.748,-282.7161,3.9682,1.0,108362.6531,342721.2266,0.3511,0.0
80300,55068.1291,-15176.2665,-15176.3775,-278.1679,3.9682,1.0,63975.9833,170996.1133,0.3223,0.0
80400,54179.2762,-15429.0279,-15429.2094,-282.7634,3.9682,1.0,51307.1185,165911.8477,0.3776,0.0
80500,54457.3894,-15106.0117,-15106.1841,-276.8525,3.9682,1.0,94080.3738,232000.2266,0.2496,0.0
80600,54408.0658,-15039.2258,-15039.6666,-275.677,3.9681,1.0,60032.7395,198708.5859,0.3552,0.0
80700,54930.367,-15194.6648,-15195.1443,-278.4747,3.9681,1.0,67519.6323,213013.3867,0.3143,0.0
80800,55204.5285,-15169.1729,-15169.3449,-277.9878,3.9684,1.0,38029.4653,120004.7559,0.3733,0.0
80900,56044.6063,-15166.1723,-15166.0112,-277.9908,3.9682,1.0,38355.3691,128017.2148,0.3672,0.0
81000,55211.122,-15081.5654,-15081.7037,-276.4083,3.9683,1.0,29607.419,72577.002,0.3933,0.0
81100,55776.7247,-15159.4654,-15159.6417,-277.8502,3.9682,1.0,99175.7484,358350.8047,0.2947,0.0
81200,55457.4389,-15106.9877,-15107.2316,-276.8025,3.9681,1.0,77653.996,279940.1641,0.3014,0.0
81300,56576.902,-15309.594,-15309.397,-280.5485,3.968,1.0,93000.8826,275279.3008,0.3421,0.0
81400,55740.0626,-15466.5287,-15466.6444,-283.4696,3.9683,1.0,41825.7989,142855.1367,0.3446,0.0
81500,56741.4441,-14864.7261,-14864.6932,-272.4454,3.9681,1.0,55189.295,152887.1758,0.3139,0.0
81600,56148.3828,-15293.4435,-15293.5921,-280.2302,3.9682,1.0,96966.3262,293724.5977,0.316,0.0
81700,57213.2411,-15004.9786,-15005.3644,-274.9531,3.968,1.0,71286.9035,205836.5352,0.3306,0.0
81800,57889.9472,-15190.4179,-15190.1995,-278.3574,3.9681,1.0,66316.036,160962.2969,0.3239,0.0
81900,57958.8401,-14829.6065,-14829.879,-271.8245,3.9682,1.0,44622.4608,116748.0215,0.3182,0.0
82000,57726.3535,-15113.3514,-15113.5157,-276.9698,3.9681,1.0,127753.4133,290848.0508,0.3275,0.0
82100,56842.23,-15041.9217,-15041.7492,-275.6307,3.968,1.0,28566.9226,66763.0605,0.2411,0.0
82200,57570.1647,-14983.649,-14984.005,-274.526,3.9681,1.0,102682.4067,299688.5078,0.2817,0.0
82300,56714.8573,-15350.9256,-15350.7493,-281.2142,3.9681,1.0,103870.9233,248224.8672,0.3034,0.0
82400,57797.5326,-15050.8538,-15051.0943,-275.7804,3.968,1.0,49838.2016,146888.418,0.253,0.0
82500,58454.934,-15045.5578,-15046.1695,-275.6629,3.968,1.0,37017.0087,105511.582,0.2953,0.0
82600,57602.4244,-14923.1408,-14923.2839,-273.4382,3.968,1.0,37069.62,85141.9336,0.3542,0.0
82700,58215.5938,-15062.4816,-15062.8195,-276.0227,3.9681,1.0,59005.3517,160144.543,0.3142,0.0
82800,58440.1812,-15099.2171,-15099.2962,-276.6331,3.968,1.0,111879.4511,348419.5625,0.2944,0.0
82900,57641.2913,-15145.3951,-15145.4208,-277.5418,3.9682,1.0,105165.3101,238461.3711,0.3078,0.0
83000,57633.1131,-15005.4988,-15005.7504,-274.9405,3.9682,1.0,101168.413,247697.4102,0.2951,0.0
83100,58373.9341,-15017.3267,-15017.4797,-275.1691,3.9679,1.0,43658.0539,98815.873,0.3212,0.0
83200,59306.868,-14786.9061,-14786.7673,-270.9716,3.968,1.0,48490.8867,130512.2988,0.3132,0.0
83300,58113.4163,-15295.321,-15295.7903,-280.1756,3.9683,1.0,247523.7225,909512.875,0.396,0.0
83400,58919.9899,-14959.1712,-14959.3024,-274.1754,3.968,1.0,115406.6523,427409.7188,0.2933,0.0
83500,58154.1763,-14905.9082,-14906.2218,-273.1466,3.9679,1.0,65857.2896,147390.1523,0.325,0.0
83600,58695.2969,-14598.6491,-14598.6154,-267.5103,3.968,1.0,64191.9718,236264.5234,0.3041,0.0
83700,58751.4032,-14900.8579,-14901.0409,-272.9834,3.9679,1.0,66945.3119,236594.5273,0.3038,0.0
83800,58354.8803,-15054.662,-15054.5043,-275.7746,3.9682,1.0,98528.8123,340784.8047,0.3264,0.0
83900,59384.7167,-14798.3105,-14798.8187,-271.183,3.968,1.0,63682.7239,170742.0977,0.2869,0.0
84000,59441.913,-15112.0988,-15112.0947,-276.795,3.9681,1.0,95593.5898,241789.1328,0.285,0.0
84100,58810.1311,-14943.4901,-14943.9317,-273.8057,3.9679,1.0,93443.9396,305512.0352,0.3156,0.0
84200,59303.46,-14889.2326,-14889.3112,-272.7459,3.9677,1.0,72811.3784,187291.9141,0.3195,0.0
84300,59425.2441,-14952.1954,-14952.6312,-273.9321,3.9678,1.0,84631.5475,237164.9648,0.271,0.0
84400,59690.2868,-15036.0211,-15036.0248,-275.4885,3.9678,1.0,43021.3911,96481.9062,0.3555,0.0
84500,60401.0546,-15334.1088,-15334.1319,-280.8633,3.9679,1.0,186148.3369,631145.9375,0.3175,0.0
84600,59709.945,-14961.2495,-14961.6446,-274.1006,3.9678,1.0,42960.8191,97387.2812,0.2696,0.0
84700,59593.3662,-15210.35,-15210.4469,-278.6491,3.9679,1.0,48528.0609,132602.0918,0.3749,0.0
84800,59789.9584,-15224.0255,-15224.2034,-278.8149,3.9679,1.0,62560.0931,147714.5,0.2836,0.0
84900,59418.9033,-15044.1311,-15044.8166,-275.6762,3.968,1.0,125284.2044,302057.5781,0.3555,0.0
85000,60065.9463,-14671.9377,-14672.1544,-268.8066,3.9678,1.0,33359.0782,87144.875,0.3526,0.0
85100,61808.6448,-14667.9756,-14668.075,-268.6939,3.9678,1.0,78609.2322,260979.1797,0.3006,0.0
85200,59589.928,-14988.3387,-14988.5812,-274.5896,3.968,1.0,30998.5863,68716.4434,0.3298,0.0
85300,61593.3081,-14556.0436,-14556.4029,-266.6638,3.9679,1.0,100404.3062,274279.2031,0.321,0.0
85400,60329.9681,-14905.8108,-14906.142,-273.0325,3.968,1.0,103234.6306,392654.9297,0.353,0.0
85500,59875.802,-15296.1109,-15296.2907,-280.1715,3.968,1.0,71089.3119,205879.9141,0.2932,0.0
85600,60219.2315,-14988.5876,-14988.6642,-274.6122,3.9681,1.0,93204.9644,258326.8867,0.3104,0.0
85700,60544.819,-15198.8038,-15199.2906,-278.4434,3.968,1.0,145899.9799,538674.8672,0.2478,0.0
85800,60434.8424,-14908.9436,-14909.0262,-273.1141,3.9678,1.0,112821.5464,353722.7188,0.3858,0.0
85900,61417.6966,-14683.6716,-14684.1355,-269.045,3.9679,1.0,99359.0581,321433.625,0.3474,0.0
86000,61194.9523,-15091.9297,-15092.1383,-276.4673,3.9678,1.0,125827.5355,286195.7969,0.273,0.0
86100,59373.2089,-14976.9232,-14977.1855,-274.2817,3.9678,1.0,82799.9836,256971.7812,0.2857,0.0
86200,60399.4062,-15062.153,-15062.4633,-275.9771,3.9676,1.0,108565.002,389449.8672,0.2897,0.0
86300,60707.6927,-14887.9542,-14888.468,-272.7326,3.9678,1.0,74320.6395,227091.8242,0.3048,0.0
86400,60692.7921,-14967.3397,-14967.6444,-274.1664,3.9677,1.0,87754.1537,269895.5039,0.3235,0.0
86500,61432.1642,-14707.0886,-14707.5112,-269.4003,3.9677,1.0,65030.5388,138421.6914,0.2843,0.0
86600,62364.3404,-14774.6424,-14774.6572,-270.638,3.9677,1.0,77458.7974,183131.207,0.3222,0.0
86700,61640.2341,-14830.4973,-14830.8417,-271.7071,3.9679,1.0,56835.603,150427.4375,0.333,0.0
86800,60517.2773,-14922.5157,-14922.5066,-273.417,3.9679,1.0,128610.676,309729.6094,0.3055,0.0
86900,61071.2887,-14993.6119,-14993.6441,-274.67,3.9678,1.0,103688.8704,343637.4922,0.313,0.0
87000,62205.5047,-14843.0152,-14843.5384,-271.8492,3.9677,1.0,138857.0793,485777.7969,0.3502,0.0
87100,61646.6097,-14958.486,-14958.307,-274.0051,3.9677,1.0,84283.7819,265822.9141,0.3626,0.0
87200,63944.0827,-14871.8713,-14872.1533,-272.3813,3.9676,1.0,117398.7185,402096.8672,0.2916,0.0
87300,62235.8254,-14949.6657,-14949.9142,-273.7734,3.9676,1.0,160130.3115,593313.1016,0.2671,0.0
87400,61347.3112,-14797.2842,-14797.0856,-271.0779,3.9678,1.0,135176.1347,369413.4844,0.2752,0.0
87500,63012.1847,-14493.7335,-14493.8468,-265.5487,3.9678,1.0,154247.0274,404097.4922,0.315,0.0
87600,61771.8234,-14804.0592,-14804.5531,-271.2229,3.9679,1.0,88947.4713,246044.9102,0.2621,0.0
87700,62574.3482,-14801.3938,-14801.222,-271.0818,3.9678,1.0,51272.2036,94847.1777,0.3019,0.0
87800,62217.496,-14999.562,-14999.9201,-274.7209,3.9676,1.0,93227.143,264071.0781,0.3604,0.0
87900,62005.3031,-15139.9776,-15139.9937,-277.2932,3.9678,1.0,84630.4791,287015.4609,0.2782,0.0
88000,64076.1264,-14521.2762,-14521.7302,-266.0174,3.9677,1.0,77543.7421,191532.9961,0.2548,0.0
88100,61423.2834,-14706.5257,-14706.4706,-269.4201,3.9677,1.0,131008.0069,289245.6875,0.2445,0.0
88200,61987.7941,-14820.7582,-14821.445,-271.504,3.9677,1.0,76530.0114,206426.5195,0.3246,0.0
88300,61116.785,-15006.9505,-15006.8149,-274.872,3.9675,1.0,40264.0727,108040.8984,0.2942,0.0
88400,61588.9505,-14938.5037,-14938.8124,-273.5826,3.9678,1.0,124255.7751,322751.5625,0.3328,0.0
88500,62588.2292,-14776.9698,-14777.2773,-270.7177,3.9677,1.0,146177.3523,369242.6172,0.3207,0.0
88600,62340.2213,-14893.3654,-14893.6863,-272.8199,3.9678,1.0,59876.2116,159897.0625,0.3026,0.0
88700,61761.1913,-15202.1354,-15202.4563,-278.3998,3.9676,1.0,58969.1429,196296.1133,0.3004,0.0
88800,62029.3028,-14687.0977,-14686.8855,-269.0002,3.9678,1.0,48076.6577,105287.9004,0.315,0.0
88900,62642.3162,-14886.0672,-14886.6426,-272.6645,3.9675,1.0,25250.8132,56774.4805,0.3088,0.0
89000,61335.9166,-14832.5268,-14832.6442,-271.7371,3.9678,1.0,139254.6888,447898.2578,0.2869,0.0
89100,61326.6045,-14624.1974,-14624.6044,-267.834,3.9677,1.0,131563.5872,478760.7422,0.3052,0.0
89200,62350.9866,-14786.0493,-14786.5741,-270.8817,3.9676,1.0,131515.2313,350891.375,0.3293,0.0
89300,62095.0421,-14736.4456,-14735.8175,-269.9649,3.9678,1.0,97092.3873,228123.0547,0.2617,0.0
89400,61832.708,-14740.1488,-14740.6945,-269.9968,3.9677,1.0,60699.8461,174749.3086,0.3772,0.0
89500,61256.7687,-14796.4862,-14797.0565,-271.0569,3.9677,1.0,69423.6078,193687.6094,0.4044,0.0
89600,61375.6498,-14968.8066,-14968.6743,-274.2012,3.9676,1.0,190943.2916,516980.9844,0.3161,0.0
89700,61588.455,-15025.8905,-15026.0895,-275.1597,3.968,1.0,108199.9485,387906.7422,0.3012,0.0
89800,62863.6572,-14785.9613,-14786.2168,-270.7885,3.9677,1.0,210261.3034,798336.2188,0.3451,0.0
89900,62851.1612,-14636.8408,-14637.2665,-268.1008,3.9675,1.0,95753.6057,264345.3359,0.3282,0.0
90000,61226.6698,-14577.2884,-14577.2932,-267.0376,3.9676,1.0,87296.1842,262475.8203,0.2881,0.0
90100,63301.4684,-14611.5267,-14611.987,-267.6535,3.9679,1.0,159761.7198,415337.5469,0.3138,0.0
90200,63132.9711,-14583.6889,-14583.5904,-267.134,3.9677,1.0,210183.4425,487594.7109,0.3444,0.0
90300,61953.1357,-14980.5672,-14980.9418,-274.4686,3.9675,1.0,114891.8326,416478.7344,0.287,0.0
90400,61685.3978,-14965.7657,-14966.1882,-273.9862,3.9678,1.0,80165.7382,192596.3828,0.366,0.0
90500,60796.7718,-14801.6498,-14801.7785,-271.1346,3.9677,1.0,105418.9318,340973.1484,0.3945,0.0
90600,61225.0765,-14714.761,-14715.0739,-269.5036,3.9678,1.0,133666.1884,394003.1875,0.3109,0.0
90700,60347.3638,-15333.4624,-15333.9198,-280.8058,3.9677,1.0,43032.2841,106758.1191,0.3532,0.0
90800,61504.4588,-14761.351,-14761.5351,-270.35,3.9677,1.0,65714.5485,176818.4258,0.3192,0.0
90900,61437.4248,-15097.2995,-15097.5469,-276.4857,3.9676,1.0,60239.6902,158576.3438,0.3325,0.0
91000,61717.1455,-14885.9271,-14886.3689,-272.6527,3.9678,1.0,62884.5712,190749.6641,0.4106,0.0
91100,60989.7653,-14737.8485,-14738.1122,-269.9124,3.9678,1.0,80817.7315,239170.4414,0.3009,0.0
91200,62606.0305,-14866.4998,-14866.4626,-272.3097,3.9679,1.0,78067.609,192339.957,0.2709,0.0
91300,60316.2614,-14871.149,-14871.0026,-272.3825,3.9678,1.0,246405.6046,892522.2344,0.349,0.0
91400,61259.9161,-14864.6125,-14864.5635,-272.2604,3.9675,1.0,83492.9061,286815.457,0.3508,0.0
91500,60819.5258,-14625.8027,-14626.5222,-267.8623,3.9678,1.0,91273.7807,239452.5078,0.2884,0.0
91600,61375.1847,-15036.0455,-15036.3295,-275.4216,3.9679,1.0,139933.3849,487573.5391,0.3098,0.0
91700,703068.5883,-14398.3432,-14397.1648,-263.703,3.9678,1.0,434127.7248,1554099.4688,0.2754,0.0
91800,196086.5619,-14536.3676,-14545.3336,-266.3185,3.9677,1.0,283866.7609,840382.5,0.2847,0.0
91900,120734.4098,-14334.887,-14340.3156,-262.4233,3.9679,1.0,133825.6073,350871.1016,0.2562,0.0
92000,88510.7888,-14601.3507,-14604.4135,-267.3907,3.9676,1.0,138503.2772,350884.7031,0.285,0.0
92100,78358.6241,-14640.2672,-14642.6455,-267.9769,3.9679,1.0,77889.2047,197382.2305,0.3209,0.0
92200,73922.5618,-14299.1884,-14300.4519,-261.865,3.9678,1.0,106570.1452,218681.2031,0.2617,0.0
92300,69695.0658,-14346.9116,-14348.4163,-262.7005,3.9679,1.0,94244.6536,191713.2461,0.3047,0.0
92400,65866.4502,-14593.3886,-14594.2474,-267.1709,3.9678,1.0,38168.7826,72054.8516,0.2952,0.0
92500,63699.3139,-14741.5954,-14742.6529,-269.8803,3.9678,1.0,37065.8837,108038.0449,0.3576,0.0
92600,61518.147,-14287.8963,-14288.5561,-261.6507,3.9677,1.0,50623.173,125793.9707,0.3181,0.0
92700,57230.73,-14470.0332,-14470.5063,-264.9072,3.9678,1.0,28931.0357,53703.7979,0.3265,0.0
92800,56628.9787,-14421.4793,-14421.6472,-264.0379,3.9676,1.0,32770.2566,55147.0371,0.2918,0.0
92900,53674.7085,-14457.3571,-14457.6929,-264.718,3.9677,1.0,46758.1265,131390.5938,0.3183,0.0
93000,52536.8184,-14379.6961,-14380.4216,-263.3069,3.9677,1.0,52362.7295,108529.6328,0.2863,0.0
93100,50023.747,-14511.4809,-14511.6687,-265.6568,3.9679,1.0,45491.5082,121478.0176,0.3218,0.0
93200,49378.1913,-14369.8699,-14370.3398,-263.1401,3.9678,1.0,38623.1252,105888.0508,0.2907,0.0
93300,48310.2347,-14353.3561,-14353.3751,-262.8135,3.9681,1.0,47850.8559,143775.6836,0.2976,0.0
93400,46840.3602,-14511.8093,-14512.2147,-265.7175,3.9682,1.0,22094.6787,54612.3691,0.304,0.0
93500,44653.532,-14541.6554,-14541.8522,-266.2263,3.9679,1.0,77258.3504,169955.3047,0.2876,0.0
93600,44422.2057,-14332.8461,-14333.2718,-262.4531,3.9677,1.0,32632.8984,69985.8867,0.2697,0.0
93700,42716.0684,-14804.042,-14803.8301,-271.0375,3.9679,1.0,26646.0069,61678.6211,0.3389,0.0
93800,42657.3549,-14577.6504,-14577.7933,-266.9271,3.9679,1.0,27679.0787,58226.8467,0.3019,0.0
93900,42499.5927,-14418.4008,-14418.6054,-264.0327,3.9678,1.0,34243.3279,74800.2812,0.2482,0.0
94000,41159.5116,-14335.2539,-14334.7911,-262.5269,3.9679,1.0,58050.6794,125009.3945,0.2731,0.0
94100,40124.1377,-14483.8821,-14483.7821,-265.2122,3.9679,1.0,43021.9078,137156.2578,0.3012,0.0
94200,40459.4254,-14605.9758,-14606.3464,-267.4138,3.9679,1.0,49608.5647,127722.3418,0.3445,0.0
94300,39790.5725,-14526.2385,-14526.0497,-265.9664,3.9679,1.0,37706.2871,90036.1426,0.329,0.0
94400,39764.6827,-14397.6336,-14397.402,-263.629,3.9678,1.0,39465.9528,78767.0371,0.2898,0.0
94500,38563.9082,-14603.4995,-14603.5804,-267.4194,3.9679,1.0,21215.2733,55818.7734,0.3112,0.0
94600,39272.3078,-14346.3377,-14346.592,-262.7021,3.9678,1.0,30981.0313,90677.3223,0.2971,0.0
94700,38418.6071,-14348.8638,-14348.2761,-262.7733,3.9677,1.0,24315.8926,75492.1582,0.3452,0.0
94800,38521.4565,-14349.8754,-14350.2039,-262.7491,3.9678,1.0,42253.294,108092.918,0.242,0.0
94900,38238.2007,-14474.3629,-14474.1658,-265.0487,3.9679,1.0,21274.0235,52478.7744,0.288,0.0
95000,37452.7614,-14496.0192,-14495.4363,-265.4199,3.9678,1.0,23635.2463,73595.999,0.2864,0.0
95100,38034.0451,-14452.1163,-14452.015,-264.6528,3.9677,1.0,39390.1071,99888.8164,0.3476,0.0
95200,38216.6737,-14551.8736,-14551.6988,-266.436,3.9678,1.0,39266.3356,128539.043,0.3177,0.0
95300,38321.77,-14365.0025,-14365.2379,-263.072,3.9678,1.0,35074.7417,95842.9414,0.2886,0.0
95400,38637.0466,-14523.011,-14522.9809,-265.8998,3.9677,1.0,47240.1059,119301.9688,0.3396,0.0
95500,37386.8333,-14508.8409,-14508.3719,-265.6596,3.9677,1.0,75070.1364,180667.4297,0.2216,0.0
95600,38331.2865,-14329.5428,-14329.6692,-262.3629,3.968,1.0,49348.962,133969.2754,0.3443,0.0
95700,38575.3752,-14524.0845,-14523.6375,-265.895,3.9677,1.0,21622.83,37912.3901,0.3198,0.0
95800,37308.8536,-14366.3332,-14366.37,-263.0676,3.9678,1.0,33685.3966,86987.5371,0.3273,0.0
95900,37574.9903,-14499.8442,-14499.7179,-265.4866,3.9677,1.0,24958.101,81297.6426,0.3861,0.0
96000,37696.5552,-14393.2197,-14393.3837,-263.5034,3.9678,1.0,49413.7725,115007.791,0.2583,0.0
96100,38748.5256,-14241.5597,-14241.1954,-260.7952,3.9676,1.0,50480.226,154628.4883,0.2923,0.0
96200,39158.4104,-14471.5771,-14471.878,-264.9597,3.9678,1.0,53126.7794,157887.0215,0.2738,0.0
96300,38974.4252,-14365.9736,-14365.7456,-263.0181,3.9677,1.0,50429.1235,146999.043,0.2968,0.0
96400,39810.8163,-14454.3009,-14454.4228,-264.6606,3.9676,1.0,32807.3987,90159.541,0.3004,0.0
96500,39935.907,-14446.8658,-14446.6331,-264.5138,3.9676,1.0,66174.1783,219987.7422,0.3262,0.0
96600,39490.1995,-14390.571,-14390.7771,-263.4799,3.9677,1.0,50613.1982,119181.9258,0.286,0.0
96700,39995.6039,-14425.425,-14424.9511,-264.1281,3.9677,1.0,37154.0292,90285.291,0.2529,0.0
96800,40611.5382,-14319.3199,-14319.5269,-262.1999,3.9677,1.0,27173.4975,86742.5986,0.3282,0.0
96900,39816.5476,-14597.2751,-14597.4713,-267.2219,3.9676,1.0,45571.7802,120867.2246,0.3202,0.0
97000,40215.2564,-14461.5704,-14461.8144,-264.7671,3.9678,1.0,63764.8344,206839.9141,0.3089,0.0
97100,41834.3557,-14454.0212,-14453.8962,-264.6303,3.9678,1.0,27990.7403,85597.6973,0.3569,0.0
97200,40025.2363,-14470.9811,-14471.0834,-264.9119,3.9678,1.0,66738.4114,193458.3281,0.3079,0.0
97300,41863.459,-14441.73,-14441.9048,-264.4356,3.968,1.0,42009.2616,104028.6523,0.2765,0.0
97400,42235.2819,-14408.1585,-14408.4607,-263.7908,3.9678,1.0,63908.3911,145552.6699,0.2834,0.0
97500,41479.926,-14342.8279,-14342.8761,-262.5672,3.9678,1.0,73355.0294,248051.6484,0.3218,0.0
97600,42137.4195,-14420.7077,-14420.8005,-264.0184,3.9675,1.0,48901.278,115273.1895,0.3264,0.0
97700,42627.6209,-14500.11,-14500.188,-265.4978,3.9679,1.0,46608.2709,157097.9023,0.2742,0.0
97800,41969.9159,-14462.1339,-14462.4269,-264.7571,3.9679,1.0,36615.7388,94398.4492,0.2985,0.0
97900,42799.8774,-14314.0316,-14314.2365,-262.0979,3.9676,1.0,60169.1809,123890.3887,0.3336,0.0
98000,42992.3441,-14495.7709,-14495.6567,-265.385,3.9677,1.0,145383.7841,500534.875,0.3156,0.0
98100,43735.1355,-14614.91,-14615.0785,-267.5382,3.9678,1.0,63242.0056,187038.3711,0.272,0.0
98200,43564.8765,-14305.5661,-14305.5187,-261.8679,3.9677,1.0,75227.0054,254646.2266,0.3127,0.0
98300,43384.4662,-14451.5783,-14451.7538,-264.5637,3.9676,1.0,61988.8327,204033.1797,0.2323,0.0
98400,42958.4795,-14741.4378,-14741.4176,-269.8594,3.9678,1.0,51832.731,162170.7715,0.2852,0.0
98500,44176.7489,-14407.8792,-14407.348,-263.7654,3.9673,1.0,42316.8143,127100.7012,0.297,0.0
98600,45055.4148,-14323.9204,-14323.9515,-262.2671,3.9677,1.0,64170.7976,163301.1914,0.3198,0.0
98700,44881.3549,-14408.5307,-14408.0627,-263.7653,3.9679,1.0,85552.1008,271124.8945,0.295,0.0
98800,45265.0234,-14467.4481,-14467.5372,-264.8311,3.9676,1.0,76218.0343,205786.1367,0.3262,0.0
98900,44781.4642,-14343.4704,-14343.5151,-262.6366,3.9676,1.0,143676.4009,536790.0156,0.2464,0.0
99000,46196.5185,-14253.4019,-14253.4187,-260.9409,3.9679,1.0,41440.5442,123700.4238,0.2863,0.0
99100,46612.533,-14198.442,-14198.1667,-259.96,3.968,1.0,79250.9528,196401.9102,0.2615,0.0
99200,45586.3488,-14582.7366,-14582.4948,-267.0145,3.9676,1.0,36665.4427,107923.7969,0.3157,0.0
99300,45568.2998,-14558.3935,-14558.3464,-266.5608,3.9678,1.0,36294.5597,89539.5488,0.2951,0.0
99400,46700.3538,-14229.2417,-14229.2229,-260.5076,3.9677,1.0,50189.0627,171532.9902,0.3024,0.0
99500,46327.7027,-14417.3511,-14417.2648,-263.9543,3.9677,1.0,66033.0667,158032.2617,0.2892,0.0
99600,46713.7547,-14532.2092,-14532.3156,-266.0153,3.9676,1.0,61944.8072,166232.7266,0.2771,0.0
99700,47225.3766,-14316.583,-14316.0233,-262.1147,3.9679,1.0,170938.844,620285.5,0.2633,0.0
99800,48744.5141,-14490.3272,-14490.5845,-265.3211,3.9675,1.0,57463.5144,154435.8848,0.2722,0.0
99900,47858.5784,-14752.6726,-14752.4499,-270.0322,3.9675,1.0,33625.0034,89491.5039,0.2688,0.0
100000,48647.4817,-14213.2764,-14213.2537,-260.2294,3.9677,1.0,78284.5701,211465.3633,0.3372,0.0
