env_steps,return,restorations,length,FPS,time
0,-753.0,65,100,0.0,0.7984
100,-697.0,68,100,42.4579,2.3553
200,-816.0,68,100,48.9233,2.044
300,-765.0,66,100,49.1238,2.0357
400,-678.0,67,100,49.1166,2.036
500,-690.0,61,100,49.1887,2.033
600,-719.0,64,100,48.1427,2.0772
700,-811.0,66,100,48.584,2.0583
800,-782.0,64,100,48.3209,2.0695
900,-715.0,59,100,48.5578,2.0594
1000,-861.0,68,100,49.2755,2.0294
1100,-747.0,67,100,48.5044,2.0617
1200,-843.0,69,100,49.6096,2.0157
1300,-679.0,57,100,48.0907,2.0794
1400,-821.0,62,100,49.9596,2.0016
1500,-825.0,64,100,49.3114,2.0279
1600,-728.0,64,100,50.5543,1.9781
1700,-667.0,61,100,49.0507,2.0387
1800,-806.0,66,100,48.4203,2.0653
1900,-712.0,65,100,48.9684,2.0421
2000,-692.0,66,100,49.1866,2.0331
2100,-833.0,60,100,49.2281,2.0314
2200,-827.0,63,100,49.2003,2.0325
2300,-893.0,61,100,48.4727,2.063
2400,-706.0,62,100,49.3517,2.0263
2500,-762.0,54,100,48.9871,2.0414
2600,-873.0,66,100,48.5692,2.0589
2700,-748.0,66,100,47.8954,2.0879
2800,-720.0,69,100,48.8588,2.0467
2900,-832.0,59,100,49.1162,2.036
3000,-821.0,62,100,48.9027,2.0449
3100,-854.0,54,100,48.6694,2.0547
3200,-873.0,57,100,49.2755,2.0294
3300,-668.0,59,100,49.6437,2.0144
3400,-810.0,62,100,49.095,2.0369
3500,-687.0,61,100,48.8573,2.0468
3600,-659.0,57,100,49.6428,2.0144
3700,-770.0,63,100,48.7683,2.0505
3800,-746.0,61,100,48.4662,2.0633
3900,-677.0,61,100,47.8171,2.0913
4000,-843.0,52,100,49.7677,2.0093
4100,-705.0,60,100,50.149,1.9941
4200,-826.0,64,100,49.6988,2.0121
4300,-884.0,62,100,49.6717,2.0132
4400,-700.0,53,100,49.6526,2.014
4500,-753.0,60,100,50.2006,1.992
4600,-757.0,56,100,48.9608,2.0425
4700,-760.0,59,100,49.9022,2.0039
4800,-782.0,57,100,48.3821,2.0669
4900,-658.0,53,100,48.0415,2.0815
5000,-702.0,62,100,49.281,2.0292
5100,-826.0,60,100,48.7751,2.0502
5200,-757.0,57,100,48.7455,2.0515
5300,-704.0,54,100,48.4673,2.0632
5400,-692.0,56,100,49.3719,2.0254
5500,-680.0,56,100,48.4661,2.0633
5600,-708.0,52,100,49.3786,2.0252
5700,-791.0,61,100,49.3241,2.0274
5800,-861.0,55,100,48.0306,2.082
5900,-870.0,62,100,49.4552,2.022
6000,-804.0,57,100,47.2557,2.1162
6100,-755.0,59,100,48.8295,2.0479
6200,-875.0,56,100,48.7679,2.0505
6300,-691.0,51,100,47.815,2.0914
6400,-752.0,54,100,48.6702,2.0546
6500,-826.0,60,100,49.3873,2.0248
6600,-798.0,52,100,49.5025,2.0201
6700,-857.0,54,100,48.4323,2.0647
6800,-751.0,57,100,49.4633,2.0217
6900,-694.0,49,100,50.2308,1.9908
7000,-711.0,58,100,49.7018,2.012
7100,-822.0,52,100,50.2559,1.9898
7200,-806.0,59,100,48.8762,2.046
7300,-750.0,52,100,48.5921,2.058
7400,-774.0,58,100,48.6549,2.0553
7500,-827.0,56,100,49.4608,2.0218
7600,-882.0,54,100,49.5088,2.0198
7700,-699.0,55,100,49.237,2.031
7800,-634.0,52,100,48.7428,2.0516
7900,-744.0,49,100,49.3539,2.0262
8000,-810.0,60,100,49.0132,2.0403
8100,-783.0,65,100,49.4325,2.023
8200,-709.0,55,100,48.6959,2.0536
8300,-711.0,60,100,48.3781,2.0671
8400,-625.0,59,100,48.61,2.0572
8500,-791.0,52,100,48.6048,2.0574
8600,-661.0,57,100,48.523,2.0609
8700,-734.0,55,100,49.4096,2.0239
8800,-659.0,56,100,48.9956,2.041
8900,-772.0,63,100,49.7973,2.0081
9000,-717.0,59,100,49.0734,2.0378
9100,-900.0,56,100,48.2477,2.0726
9200,-855.0,60,100,49.6057,2.0159
9300,-863.0,62,100,49.7805,2.0088
9400,-775.0,53,100,48.5356,2.0603
9500,-759.0,58,100,49.586,2.0167
9600,-720.0,59,100,49.1522,2.0345
9700,-854.0,61,100,49.4376,2.0228
9800,-848.0,62,100,49.4829,2.0209
9900,-837.0,68,100,48.441,2.0644
10000,-952.0,68,100,0.0,0.4058
10100,-740.0,65,100,49.4635,2.0217
10200,-758.0,66,100,50.0873,1.9965
10300,-842.0,65,100,48.9393,2.0433
10400,-840.0,60,100,49.3373,2.0269
10500,-783.0,60,100,49.0567,2.0385
10600,-850.0,65,100,49.7795,2.0089
10700,-671.0,55,100,48.0381,2.0817
10800,-743.0,58,100,48.6711,2.0546
10900,-759.0,64,100,48.51,2.0614
11000,-899.0,69,100,49.1516,2.0345
11100,-834.0,66,100,49.0981,2.0367
11200,-677.0,57,100,48.9487,2.043
11300,-802.0,62,100,48.7257,2.0523
11400,-831.0,55,100,49.1108,2.0362
11500,-801.0,64,100,49.1233,2.0357
11600,-740.0,55,100,48.2408,2.0729
11700,-912.0,66,100,49.429,2.0231
11800,-757.0,63,100,48.6476,2.0556
11900,-866.0,62,100,48.4698,2.0631
12000,-840.0,52,100,49.2719,2.0296
12100,-911.0,60,100,49.7759,2.009
12200,-790.0,60,100,49.3477,2.0264
12300,-772.0,61,100,50.3436,1.9864
12400,-684.0,48,100,48.9211,2.0441
12500,-790.0,63,100,48.037,2.0817
12600,-749.0,49,100,46.4798,2.1515
12700,-922.0,68,100,48.1358,2.0775
12800,-810.0,70,100,48.0769,2.08
12900,-778.0,53,100,48.573,2.0588
13000,-631.0,59,100,48.9287,2.0438
13100,-823.0,63,100,48.3903,2.0665
13200,-885.0,61,100,49.6229,2.0152
13300,-743.0,62,100,49.5999,2.0161
13400,-722.0,55,100,48.7982,2.0493
13500,-742.0,55,100,48.8932,2.0453
13600,-774.0,52,100,48.9837,2.0415
13700,-782.0,60,100,49.0565,2.0385
13800,-941.0,61,100,48.8316,2.0479
13900,-812.0,52,100,49.2134,2.032
14000,-781.0,55,100,48.3205,2.0695
14100,-778.0,57,100,48.551,2.0597
14200,-781.0,42,100,48.0596,2.0808
14300,-762.0,37,100,49.1271,2.0355
14400,-807.0,46,100,48.7738,2.0503
14500,-820.0,50,100,48.4851,2.0625
14600,-670.0,53,100,49.3793,2.0251
14700,-948.0,49,100,49.2285,2.0313
14800,-791.0,52,100,49.3573,2.026
14900,-857.0,49,100,48.7285,2.0522
15000,-846.0,48,100,49.2212,2.0316
15100,-772.0,50,100,48.4165,2.0654
15200,-735.0,59,100,48.0918,2.0794
15300,-906.0,59,100,49.2458,2.0306
15400,-891.0,54,100,48.9715,2.042
15500,-663.0,51,100,48.8188,2.0484
15600,-721.0,49,100,48.5788,2.0585
15700,-824.0,57,100,49.5375,2.0187
15800,-781.0,60,100,48.9283,2.0438
15900,-830.0,54,100,49.4047,2.0241
16000,-744.0,43,100,49.1945,2.0328
16100,-884.0,54,100,48.6758,2.0544
16200,-659.0,45,100,49.1789,2.0334
16300,-862.0,51,100,48.9981,2.0409
16400,-793.0,52,100,49.7474,2.0102
16500,-847.0,55,100,49.7818,2.0088
16600,-771.0,54,100,48.9064,2.0447
16700,-709.0,57,100,47.7172,2.0957
16800,-729.0,51,100,49.4164,2.0236
16900,-687.0,49,100,49.0395,2.0392
17000,-664.0,43,100,48.1155,2.0783
17100,-837.0,44,100,49.1068,2.0364
17200,-879.0,42,100,48.7171,2.0527
17300,-756.0,57,100,48.729,2.0522
17400,-729.0,45,100,48.7406,2.0517
17500,-900.0,42,100,47.8037,2.0919
17600,-776.0,55,100,48.9054,2.0448
17700,-673.0,44,100,49.0043,2.0406
17800,-850.0,49,100,48.0075,2.083
17900,-827.0,69,100,48.0797,2.0799
18000,-882.0,47,100,49.0123,2.0403
18100,-806.0,49,100,49.2605,2.03
18200,-799.0,38,100,49.186,2.0331
18300,-717.0,52,100,49.6902,2.0125
18400,-813.0,61,100,49.0364,2.0393
18500,-770.0,55,100,49.3922,2.0246
18600,-821.0,62,100,48.8172,2.0485
18700,-816.0,55,100,48.4419,2.0643
18800,-820.0,56,100,48.1348,2.0775
18900,-741.0,41,100,49.5552,2.018
19000,-867.0,51,100,49.2942,2.0286
19100,-869.0,52,100,48.883,2.0457
19200,-824.0,47,100,47.8769,2.0887
19300,-928.0,64,100,49.4146,2.0237
19400,-872.0,57,100,48.9839,2.0415
19500,-712.0,56,100,48.7305,2.0521
19600,-788.0,36,100,48.4845,2.0625
19700,-881.0,61,100,48.4242,2.0651
19800,-842.0,44,100,48.8214,2.0483
19900,-679.0,56,100,48.3333,2.069
20000,-653.0,47,100,0.0,0.407
20100,-599.0,47,100,48.8674,2.0464
20200,-849.0,42,100,48.7384,2.0518
20300,-841.0,54,100,48.9206,2.0441
20400,-739.0,49,100,49.3557,2.0261
20500,-815.0,35,100,48.7295,2.0521
20600,-815.0,52,100,49.7198,2.0113
20700,-783.0,41,100,48.913,2.0444
20800,-859.0,49,100,49.1603,2.0342
20900,-744.0,62,100,48.2453,2.0727
21000,-790.0,47,100,47.8269,2.0909
21100,-693.0,43,100,48.7382,2.0518
21200,-615.0,43,100,48.3315,2.069
21300,-725.0,55,100,47.1656,2.1202
21400,-809.0,62,100,48.1603,2.0764
21500,-901.0,53,100,47.8951,2.0879
21600,-963.0,27,100,49.5427,2.0185
21700,-672.0,45,100,48.096,2.0792
21800,-680.0,48,100,48.9942,2.0411
21900,-880.0,49,100,49.0389,2.0392
22000,-709.0,44,100,48.2312,2.0734
22100,-839.0,40,100,49.0355,2.0393
22200,-901.0,54,100,48.2238,2.0737
22300,-827.0,38,100,47.3691,2.1111
22400,-878.0,66,100,49.0666,2.038
22500,-842.0,52,100,49.1826,2.0332
22600,-943.0,48,100,48.4392,2.0644
22700,-745.0,50,100,49.3505,2.0263
22800,-734.0,54,100,49.1485,2.0347
22900,-799.0,43,100,48.2027,2.0746
23000,-789.0,46,100,49.3767,2.0252
23100,-920.0,54,100,48.4148,2.0655
23200,-851.0,49,100,48.7103,2.053
23300,-793.0,48,100,48.5777,2.0586
23400,-866.0,57,100,48.3625,2.0677
23500,-764.0,63,100,49.1769,2.0335
23600,-891.0,66,100,49.341,2.0267
23700,-727.0,57,100,48.8376,2.0476
23800,-824.0,60,100,47.8049,2.0918
23900,-826.0,43,100,48.3711,2.0674
24000,-788.0,49,100,48.2838,2.0711
24100,-669.0,49,100,48.2754,2.0715
24200,-858.0,54,100,48.9544,2.0427
24300,-723.0,43,100,48.4473,2.0641
24400,-804.0,51,100,47.8508,2.0898
24500,-717.0,52,100,49.0135,2.0403
24600,-815.0,62,100,48.3764,2.0671
24700,-740.0,54,100,49.4487,2.0223
24800,-762.0,51,100,49.2952,2.0286
24900,-754.0,57,100,48.4229,2.0651
25000,-821.0,56,100,48.8117,2.0487
25100,-824.0,38,100,47.6426,2.099
25200,-831.0,60,100,47.5679,2.1023
25300,-621.0,41,100,47.9357,2.0861
25400,-851.0,60,100,48.7552,2.0511
25500,-837.0,62,100,48.5705,2.0589
25600,-789.0,51,100,49.1372,2.0351
25700,-896.0,56,100,49.0485,2.0388
25800,-895.0,58,100,49.5237,2.0192
25900,-774.0,49,100,48.3829,2.0668
26000,-814.0,56,100,49.3014,2.0283
26100,-676.0,57,100,47.6469,2.0988
26200,-871.0,57,100,48.9658,2.0422
26300,-817.0,55,100,48.2734,2.0715
26400,-862.0,49,100,48.7615,2.0508
26500,-949.0,41,100,48.4901,2.0623
26600,-684.0,53,100,47.5828,2.1016
26700,-817.0,53,100,49.1919,2.0329
26800,-1045.0,68,100,49.3219,2.0275
26900,-846.0,51,100,48.3555,2.068
27000,-888.0,55,100,49.1838,2.0332
27100,-764.0,51,100,48.1903,2.0751
27200,-671.0,48,100,47.8318,2.0907
27300,-645.0,46,100,48.4365,2.0646
27400,-677.0,47,100,48.6333,2.0562
27500,-953.0,64,100,48.0821,2.0798
27600,-828.0,52,100,48.9115,2.0445
27700,-840.0,59,100,48.5445,2.06
27800,-859.0,56,100,49.128,2.0355
27900,-762.0,51,100,48.6909,2.0538
28000,-758.0,61,100,49.1586,2.0342
28100,-945.0,62,100,48.432,2.0648
28200,-825.0,67,100,48.686,2.054
28300,-908.0,60,100,49.2045,2.0323
28400,-834.0,66,100,48.6018,2.0575
28500,-603.0,49,100,48.846,2.0473
28600,-747.0,51,100,48.1475,2.077
28700,-910.0,55,100,49.7446,2.0103
28800,-724.0,60,100,48.6514,2.0554
28900,-891.0,44,100,48.716,2.0527
29000,-892.0,62,100,48.67,2.0547
29100,-800.0,61,100,48.9619,2.0424
29200,-795.0,71,100,48.4207,2.0652
29300,-699.0,60,100,48.5533,2.0596
29400,-918.0,61,100,48.7404,2.0517
29500,-778.0,66,100,49.2263,2.0314
29600,-613.0,61,100,49.6896,2.0125
29700,-855.0,68,100,50.5094,1.9798
29800,-675.0,58,100,48.5774,2.0586
29900,-755.0,64,100,48.9072,2.0447
30000,-781.0,61,100,0.0,0.3993
30100,-895.0,71,100,48.3254,2.0693
30200,-1037.0,64,100,48.2482,2.0726
30300,-999.0,72,100,48.0277,2.0821
30400,-704.0,65,100,48.8791,2.0459
30500,-923.0,71,100,48.6603,2.0551
30600,-865.0,72,100,49.2768,2.0294
30700,-823.0,57,100,48.8663,2.0464
30800,-866.0,70,100,47.9742,2.0845
30900,-830.0,66,100,48.8889,2.0455
31000,-895.0,67,100,48.4631,2.0634
31100,-792.0,62,100,48.8626,2.0466
31200,-938.0,68,100,47.8252,2.091
31300,-751.0,59,100,49.1302,2.0354
31400,-1051.0,72,100,48.8493,2.0471
31500,-1058.0,74,100,49.4288,2.0231
31600,-785.0,73,100,48.5808,2.0584
31700,-946.0,67,100,48.1607,2.0764
31800,-757.0,66,100,48.4859,2.0625
31900,-1026.0,66,100,47.6565,2.0984
32000,-931.0,69,100,49.0863,2.0372
32100,-864.0,65,100,49.5211,2.0193
32200,-1031.0,67,100,49.6384,2.0146
32300,-983.0,71,100,49.3949,2.0245
32400,-916.0,72,100,48.5543,2.0596
32500,-706.0,65,100,47.9817,2.0841
32600,-708.0,63,100,48.3491,2.0683
32700,-861.0,65,100,47.3538,2.1118
32800,-733.0,68,100,47.7315,2.0951
32900,-941.0,64,100,47.8358,2.0905
33000,-817.0,59,100,50.0372,1.9985
33100,-890.0,62,100,47.7329,2.095
33200,-876.0,68,100,48.5335,2.0604
33300,-926.0,65,100,48.2142,2.0741
33400,-1030.0,66,100,48.4449,2.0642
33500,-791.0,59,100,48.6055,2.0574
33600,-928.0,70,100,49.0531,2.0386
33700,-638.0,65,100,47.8329,2.0906
33800,-834.0,49,100,49.1563,2.0343
33900,-747.0,54,100,48.6825,2.0541
34000,-808.0,66,100,49.1908,2.0329
34100,-768.0,52,100,48.3681,2.0675
34200,-678.0,46,100,49.2221,2.0316
34300,-907.0,52,100,48.995,2.041
34400,-722.0,59,100,48.3352,2.0689
34500,-758.0,38,100,46.7068,2.141
34600,-901.0,60,100,49.7956,2.0082
34700,-877.0,55,100,49.5604,2.0177
34800,-680.0,53,100,49.0536,2.0386
34900,-938.0,61,100,47.8207,2.0911
35000,-848.0,38,100,48.577,2.0586
35100,-743.0,50,100,48.9034,2.0448
35200,-714.0,52,100,49.4212,2.0234
35300,-810.0,52,100,48.1505,2.0768
35400,-767.0,43,100,49.6335,2.0148
35500,-688.0,54,100,48.8994,2.045
35600,-1003.0,64,100,48.0478,2.0813
35700,-924.0,49,100,47.9869,2.0839
35800,-788.0,50,100,48.7962,2.0493
35900,-765.0,28,100,49.7689,2.0093
36000,-923.0,52,100,48.6177,2.0569
36100,-646.0,38,100,48.3306,2.0691
36200,-788.0,37,100,49.1181,2.0359
36300,-1031.0,51,100,48.8221,2.0483
36400,-845.0,47,100,48.0882,2.0795
36500,-878.0,48,100,48.195,2.0749
36600,-886.0,42,100,47.6244,2.0998
36700,-845.0,54,100,48.0328,2.0819
36800,-931.0,49,100,49.671,2.0132
36900,-854.0,40,100,50.9117,1.9642
37000,-838.0,40,100,49.5813,2.0169
37100,-852.0,63,100,50.2703,1.9892
37200,-870.0,28,100,49.5332,2.0188
37300,-883.0,51,100,49.0488,2.0388
37400,-858.0,56,100,50.9133,1.9641
37500,-755.0,51,100,49.9661,2.0014
37600,-971.0,50,100,49.9267,2.0029
37700,-922.0,54,100,50.304,1.9879
37800,-909.0,54,100,49.4759,2.0212
37900,-750.0,53,100,50.0355,1.9986
38000,-924.0,58,100,49.5214,2.0193
38100,-799.0,51,100,49.1706,2.0337
38200,-885.0,34,100,49.6205,2.0153
38300,-952.0,56,100,49.7128,2.0116
38400,-852.0,52,100,49.681,2.0128
38500,-1028.0,51,100,49.7722,2.0092
38600,-861.0,57,100,49.109,2.0363
38700,-787.0,52,100,49.0712,2.0379
38800,-1166.0,62,100,49.5361,2.0187
38900,-789.0,33,100,50.1538,1.9939
39000,-968.0,45,100,49.4189,2.0235
39100,-847.0,55,100,49.6166,2.0155
39200,-1038.0,46,100,49.3078,2.0281
39300,-904.0,57,100,49.6475,2.0142
39400,-556.0,36,100,49.9206,2.0032
39500,-824.0,40,100,49.9687,2.0013
39600,-1076.0,41,100,50.4518,1.9821
39700,-928.0,41,100,50.3858,1.9847
39800,-749.0,51,100,49.6998,2.0121
39900,-929.0,36,100,49.9353,2.0026
40000,-859.0,55,100,0.0,0.4174
40100,-634.0,47,100,49.1854,2.0331
40200,-800.0,52,100,50.7141,1.9718
40300,-739.0,58,100,48.8266,2.0481
40400,-812.0,60,100,48.5771,2.0586
40500,-1032.0,48,100,49.4831,2.0209
40600,-554.0,34,100,49.8405,2.0064
40700,-849.0,43,100,50.3723,1.9852
40800,-1126.0,55,100,49.6731,2.0132
40900,-902.0,51,100,50.5636,1.9777
41000,-923.0,41,100,48.3702,2.0674
41100,-998.0,56,100,48.9548,2.0427
41200,-907.0,39,100,48.871,2.0462
41300,-825.0,49,100,49.5272,2.0191
41400,-1077.0,65,100,50.315,1.9875
41500,-860.0,46,100,49.6515,2.014
41600,-711.0,49,100,49.5569,2.0179
41700,-790.0,58,100,49.6061,2.0159
41800,-983.0,61,100,49.3866,2.0248
41900,-1064.0,58,100,50.1907,1.9924
42000,-912.0,54,100,50.2714,1.9892
42100,-1080.0,64,100,49.0296,2.0396
42200,-725.0,49,100,50.5497,1.9783
42300,-963.0,54,100,50.0268,1.9989
42400,-955.0,48,100,48.9157,2.0443
42500,-802.0,57,100,50.1582,1.9937
42600,-657.0,35,100,49.8518,2.0059
42700,-913.0,41,100,49.5245,2.0192
42800,-849.0,50,100,49.3717,2.0255
42900,-974.0,63,100,50.8101,1.9681
43000,-945.0,36,100,49.4047,2.0241
43100,-1058.0,51,100,50.6823,1.9731
43200,-712.0,54,100,49.4674,2.0215
43300,-830.0,50,100,49.7624,2.0096
43400,-700.0,42,100,49.7186,2.0113
43500,-950.0,45,100,49.4873,2.0207
43600,-916.0,59,100,49.5304,2.019
43700,-938.0,47,100,49.6595,2.0137
43800,-1019.0,42,100,48.7311,2.0521
43900,-727.0,35,100,49.3614,2.0259
44000,-917.0,67,100,49.4574,2.0219
44100,-784.0,40,100,49.8495,2.006
44200,-963.0,54,100,50.1882,1.9925
44300,-1098.0,67,100,49.5952,2.0163
44400,-810.0,35,100,50.414,1.9836
44500,-846.0,54,100,51.5348,1.9404
44600,-1047.0,46,100,49.4113,2.0238
44700,-1009.0,49,100,49.7457,2.0102
44800,-982.0,52,100,49.7277,2.011
44900,-857.0,49,100,49.9447,2.0022
45000,-574.0,35,100,49.5763,2.0171
45100,-872.0,47,100,49.9879,2.0005
45200,-995.0,35,100,49.3708,2.0255
45300,-929.0,49,100,49.8685,2.0053
45400,-578.0,40,100,49.9493,2.002
45500,-899.0,55,100,49.0686,2.038
45600,-1035.0,49,100,50.465,1.9816
45700,-1019.0,64,100,49.8602,2.0056
45800,-849.0,46,100,49.7599,2.0097
45900,-987.0,57,100,48.8043,2.049
46000,-959.0,59,100,49.2775,2.0293
46100,-872.0,43,100,48.8401,2.0475
46200,-911.0,35,100,50.1471,1.9941
46300,-892.0,42,100,49.188,2.033
46400,-949.0,47,100,49.3785,2.0252
46500,-818.0,52,100,49.2033,2.0324
46600,-837.0,34,100,49.3426,2.0266
46700,-852.0,30,100,49.356,2.0261
46800,-1131.0,49,100,49.6146,2.0155
46900,-886.0,56,100,49.3091,2.028
47000,-927.0,25,100,49.7249,2.0111
47100,-877.0,45,100,49.0916,2.037
47200,-839.0,34,100,48.7519,2.0512
47300,-796.0,42,100,49.9169,2.0033
47400,-712.0,58,100,50.4649,1.9816
47500,-957.0,33,100,49.2082,2.0322
47600,-949.0,30,100,50.3461,1.9863
47700,-994.0,46,100,49.5483,2.0182
47800,-1112.0,14,100,49.5401,2.0186
47900,-916.0,37,100,49.5279,2.0191
48000,-884.0,45,100,49.5836,2.0168
48100,-932.0,48,100,49.4595,2.0219
48200,-908.0,62,100,50.0487,1.9981
48300,-839.0,34,100,49.5233,2.0193
48400,-829.0,37,100,49.805,2.0078
48500,-941.0,53,100,49.9503,2.002
48600,-948.0,30,100,50.2733,1.9891
48700,-951.0,52,100,49.5306,2.019
48800,-697.0,28,100,49.8115,2.0076
48900,-1057.0,74,100,49.6807,2.0129
49000,-1119.0,23,100,49.1021,2.0366
49100,-632.0,41,100,50.0328,1.9987
49200,-958.0,43,100,49.2839,2.0291
49300,-1067.0,45,100,50.6715,1.9735
49400,-872.0,58,100,49.0262,2.0397
49500,-958.0,50,100,50.482,1.9809
49600,-940.0,58,100,49.5875,2.0166
49700,-1080.0,62,100,49.8186,2.0073
49800,-1100.0,52,100,46.6823,2.1421
49900,-1195.0,64,100,51.4309,1.9444
50000,-876.0,32,100,0.0,0.3859
50100,-1005.0,65,100,0.6543,152.8322
50200,-1275.0,79,100,44.3068,2.257
50300,-907.0,42,100,49.2468,2.0306
50400,-681.0,41,100,50.2677,1.9893
50500,-979.0,25,100,50.3523,1.986
50600,-1023.0,7,100,50.5224,1.9793
50700,-849.0,58,100,49.0455,2.0389
50800,-1107.0,33,100,49.946,2.0022
50900,-1107.0,63,100,48.998,2.0409
51000,-928.0,58,100,49.0643,2.0381
51100,-920.0,57,100,45.8293,2.182
51200,-800.0,35,100,45.7477,2.1859
51300,-939.0,29,100,49.4258,2.0232
51400,-892.0,65,100,48.1772,2.0757
51500,-709.0,42,100,48.6968,2.0535
51600,-717.0,36,100,46.9187,2.1313
51700,-919.0,31,100,48.0523,2.0811
51800,-1059.0,61,100,49.4611,2.0218
51900,-937.0,54,100,48.4639,2.0634
52000,-1057.0,67,100,47.6445,2.0989
52100,-885.0,44,100,49.6029,2.016
52200,-864.0,52,100,48.3707,2.0674
52300,-823.0,42,100,47.8563,2.0896
52400,-676.0,41,100,47.9708,2.0846
52500,-1013.0,46,100,47.8086,2.0917
52600,-1030.0,22,100,48.3308,2.0691
52700,-1008.0,51,100,47.3741,2.1109
52800,-662.0,52,100,46.9254,2.131
52900,-1236.0,68,100,49.2459,2.0306
53000,-1086.0,61,100,45.6092,2.1925
53100,-921.0,61,100,46.2681,2.1613
53200,-1111.0,64,100,43.8726,2.2793
53300,-600.0,43,100,42.5496,2.3502
53400,-650.0,52,100,43.832,2.2814
53500,-1199.0,63,100,45.027,2.2209
53600,-945.0,56,100,43.22,2.3137
53700,-793.0,42,100,42.9748,2.3269
53800,-704.0,59,100,42.2352,2.3677
53900,-889.0,49,100,44.878,2.2283
54000,-915.0,39,100,40.8373,2.4487
54100,-554.0,39,100,42.0507,2.3781
54200,-757.0,62,100,35.1138,2.8479
54300,-958.0,62,100,44.8057,2.2319
54400,-1067.0,73,100,47.0175,2.1269
54500,-982.0,66,100,46.7039,2.1411
54600,-885.0,54,100,45.0242,2.221
54700,-761.0,59,100,48.5121,2.0613
54800,-788.0,44,100,49.3472,2.0265
54900,-844.0,67,100,49.716,2.0114
55000,-946.0,69,100,44.8109,2.2316
55100,-1006.0,63,100,38.8076,2.5768
55200,-950.0,57,100,45.1874,2.213
55300,-799.0,66,100,47.5567,2.1028
55400,-1073.0,36,100,45.4082,2.2022
55500,-687.0,49,100,47.9099,2.0873
55600,-606.0,47,100,47.9177,2.0869
55700,-851.0,57,100,46.9397,2.1304
55800,-717.0,57,100,48.7965,2.0493
55900,-804.0,56,100,48.3996,2.0661
56000,-980.0,65,100,48.5097,2.0614
56100,-814.0,58,100,48.1619,2.0763
56200,-770.0,41,100,49.4345,2.0229
56300,-774.0,64,100,48.6595,2.0551
56400,-718.0,51,100,49.1287,2.0355
56500,-1134.0,68,100,48.0559,2.0809
56600,-931.0,66,100,48.5974,2.0577
56700,-626.0,54,100,48.6713,2.0546
56800,-496.0,30,100,47.9871,2.0839
56900,-747.0,51,100,48.5846,2.0583
57000,-780.0,54,100,49.4789,2.0211
57100,-642.0,60,100,48.7053,2.0532
57200,-1118.0,58,100,47.2732,2.1154
57300,-573.0,42,100,49.184,2.0332
57400,-607.0,51,100,49.0892,2.0371
57500,-985.0,74,100,49.3671,2.0256
57600,-1055.0,43,100,48.4945,2.0621
57700,-610.0,33,100,49.6112,2.0157
57800,-1025.0,69,100,49.4256,2.0232
57900,-791.0,51,100,48.6743,2.0545
58000,-712.0,33,100,48.5931,2.0579
58100,-1135.0,64,100,49.1303,2.0354
58200,-774.0,53,100,48.9996,2.0408
58300,-690.0,47,100,48.2723,2.0716
58400,-675.0,52,100,49.4357,2.0228
58500,-672.0,36,100,48.954,2.0427
58600,-843.0,39,100,49.2528,2.0303
58700,-648.0,53,100,48.904,2.0448
58800,-673.0,52,100,48.7076,2.0531
58900,-801.0,68,100,49.3941,2.0245
59000,-562.0,35,100,48.5482,2.0598
59100,-763.0,54,100,48.8933,2.0453
59200,-689.0,54,100,49.877,2.0049
59300,-872.0,60,100,49.488,2.0207
59400,-1044.0,66,100,48.8756,2.046
59500,-1051.0,70,100,49.3323,2.0271
59600,-1044.0,15,100,48.8135,2.0486
59700,-928.0,74,100,48.8088,2.0488
59800,-965.0,55,100,49.5507,2.0181
59900,-897.0,63,100,49.8241,2.0071
60000,-863.0,52,100,0.0,0.3989
60100,-819.0,42,100,47.8673,2.0891
60200,-778.0,55,100,48.9637,2.0423
60300,-700.0,55,100,49.1877,2.033
60400,-511.0,29,100,48.7035,2.0532
60500,-748.0,65,100,48.9973,2.0409
60600,-644.0,48,100,48.8508,2.0471
60700,-704.0,47,100,48.4806,2.0627
60800,-600.0,46,100,49.2998,2.0284
60900,-823.0,47,100,49.3605,2.0259
61000,-729.0,62,100,48.9699,2.0421
61100,-661.0,45,100,49.8618,2.0055
61200,-909.0,51,100,49.2184,2.0318
61300,-890.0,46,100,48.6958,2.0536
61400,-986.0,60,100,48.0302,2.082
61500,-715.0,51,100,49.0918,2.037
61600,-746.0,57,100,48.223,2.0737
61700,-623.0,34,100,49.49,2.0206
61800,-659.0,46,100,49.1512,2.0345
61900,-867.0,58,100,47.928,2.0865
62000,-587.0,45,100,50.3614,1.9856
62100,-896.0,42,100,48.971,2.042
62200,-658.0,49,100,49.0902,2.0371
62300,-910.0,39,100,50.1792,1.9929
62400,-803.0,39,100,49.0691,2.0379
62500,-909.0,46,100,49.3175,2.0277
62600,-568.0,39,100,47.8285,2.0908
62700,-680.0,59,100,49.3375,2.0269
62800,-919.0,52,100,48.8497,2.0471
62900,-405.0,31,100,49.9156,2.0034
63000,-704.0,45,100,48.7621,2.0508
63100,-738.0,49,100,48.9184,2.0442
63200,-763.0,53,100,49.7984,2.0081
63300,-524.0,43,100,48.1901,2.0751
63400,-609.0,38,100,48.0608,2.0807
63500,-695.0,51,100,49.1281,2.0355
63600,-912.0,37,100,48.7408,2.0517
63700,-985.0,65,100,49.2325,2.0312
63800,-1067.0,51,100,48.0281,2.0821
63900,-750.0,41,100,48.8563,2.0468
64000,-870.0,39,100,49.0107,2.0404
64100,-816.0,34,100,49.8456,2.0062
64200,-709.0,50,100,48.7971,2.0493
64300,-1200.0,60,100,49.2238,2.0315
64400,-632.0,37,100,49.358,2.026
64500,-765.0,46,100,48.7836,2.0499
64600,-889.0,63,100,48.528,2.0607
64700,-792.0,49,100,48.2671,2.0718
64800,-753.0,39,100,47.7935,2.0923
64900,-742.0,53,100,48.7979,2.0493
65000,-869.0,46,100,48.2415,2.0729
65100,-851.0,60,100,47.7065,2.0962
65200,-882.0,60,100,48.8568,2.0468
65300,-548.0,45,100,49.7486,2.0101
65400,-1007.0,66,100,48.7319,2.052
65500,-803.0,41,100,49.5137,2.0196
65600,-910.0,59,100,48.454,2.0638
65700,-820.0,42,100,48.639,2.056
65800,-689.0,50,100,47.8121,2.0915
65900,-707.0,47,100,48.3516,2.0682
66000,-805.0,58,100,48.8579,2.0468
66100,-692.0,51,100,48.3861,2.0667
66200,-848.0,57,100,49.8035,2.0079
66300,-857.0,70,100,49.1002,2.0367
66400,-701.0,53,100,48.6653,2.0549
66500,-837.0,30,100,48.9292,2.0438
66600,-723.0,55,100,49.4454,2.0224
66700,-593.0,44,100,49.6775,2.013
66800,-865.0,56,100,48.5269,2.0607
66900,-933.0,60,100,49.0382,2.0392
67000,-720.0,35,100,50.0422,1.9983
67100,-519.0,37,100,49.1782,2.0334
67200,-543.0,35,100,49.0732,2.0378
67300,-820.0,51,100,49.4187,2.0235
67400,-878.0,48,100,49.8942,2.0042
67500,-459.0,37,100,49.1289,2.0355
67600,-929.0,59,100,48.2164,2.074
67700,-530.0,40,100,48.8268,2.0481
67800,-609.0,40,100,48.9826,2.0415
67900,-769.0,46,100,48.3768,2.0671
68000,-895.0,51,100,49.3088,2.028
68100,-814.0,59,100,48.6161,2.0569
68200,-842.0,56,100,48.8609,2.0466
68300,-559.0,37,100,49.4815,2.021
68400,-705.0,44,100,48.8565,2.0468
68500,-827.0,53,100,48.3103,2.07
68600,-635.0,46,100,48.5618,2.0592
68700,-720.0,42,100,48.9937,2.0411
68800,-632.0,48,100,49.2363,2.031
68900,-738.0,59,100,48.5187,2.0611
69000,-764.0,46,100,48.7947,2.0494
69100,-753.0,41,100,49.2356,2.031
69200,-664.0,57,100,47.9995,2.0834
69300,-794.0,57,100,48.939,2.0434
69400,-747.0,40,100,49.5245,2.0192
69500,-701.0,46,100,48.3624,2.0677
69600,-715.0,51,100,48.895,2.0452
69700,-699.0,31,100,49.4423,2.0226
69800,-815.0,62,100,49.226,2.0314
69900,-797.0,50,100,49.8761,2.005
70000,-894.0,59,100,0.0,0.4003
70100,-782.0,48,100,48.8586,2.0467
70200,-873.0,66,100,47.819,2.0912
70300,-780.0,48,100,48.5413,2.0601
70400,-542.0,45,100,48.3713,2.0673
70500,-540.0,46,100,49.1025,2.0366
70600,-1165.0,72,100,49.8322,2.0067
70700,-1054.0,62,100,48.7271,2.0522
70800,-903.0,61,100,47.9497,2.0855
70900,-720.0,64,100,48.2079,2.0743
71000,-774.0,61,100,48.4487,2.064
71100,-748.0,53,100,47.9816,2.0841
71200,-921.0,63,100,49.0358,2.0393
71300,-655.0,44,100,48.7424,2.0516
71400,-855.0,48,100,48.8474,2.0472
71500,-786.0,43,100,48.2399,2.073
71600,-1046.0,60,100,48.2477,2.0726
71700,-888.0,55,100,47.985,2.084
71800,-632.0,51,100,48.6677,2.0548
71900,-909.0,61,100,48.5429,2.06
72000,-695.0,42,100,48.6128,2.0571
72100,-557.0,44,100,49.0873,2.0372
72200,-923.0,52,100,48.7041,2.0532
72300,-839.0,56,100,48.9926,2.0411
72400,-653.0,55,100,48.5132,2.0613
72500,-626.0,42,100,48.4701,2.0631
72600,-706.0,55,100,48.5465,2.0599
72700,-849.0,56,100,48.21,2.0743
72800,-747.0,60,100,47.443,2.1078
72900,-570.0,37,100,48.6914,2.0538
73000,-681.0,39,100,48.4611,2.0635
73100,-852.0,62,100,48.5014,2.0618
73200,-719.0,58,100,48.061,2.0807
73300,-771.0,64,100,48.2247,2.0736
73400,-790.0,44,100,48.0792,2.0799
73500,-671.0,46,100,47.907,2.0874
73600,-818.0,48,100,47.6892,2.0969
73700,-827.0,61,100,47.878,2.0886
73800,-680.0,30,100,49.3874,2.0248
73900,-742.0,44,100,48.0772,2.08
74000,-890.0,60,100,47.9291,2.0864
74100,-616.0,38,100,47.6074,2.1005
74200,-718.0,46,100,48.8541,2.0469
74300,-786.0,58,100,49.3581,2.026
74400,-871.0,64,100,49.8537,2.0059
74500,-902.0,62,100,49.4543,2.0221
74600,-595.0,38,100,48.7318,2.052
74700,-799.0,60,100,48.8312,2.0479
74800,-643.0,34,100,48.761,2.0508
74900,-864.0,57,100,48.9152,2.0444
75000,-748.0,55,100,48.5677,2.059
75100,-640.0,41,100,49.4133,2.0237
75200,-727.0,38,100,48.5737,2.0587
75300,-730.0,52,100,48.659,2.0551
75400,-681.0,56,100,48.3239,2.0694
75500,-930.0,53,100,48.231,2.0734
75600,-666.0,50,100,49.1487,2.0346
75700,-507.0,37,100,47.8465,2.09
75800,-667.0,39,100,49.1877,2.033
75900,-557.0,34,100,48.6936,2.0537
76000,-848.0,67,100,48.7257,2.0523
76100,-635.0,38,100,49.0783,2.0376
76200,-778.0,58,100,48.2282,2.0735
76300,-692.0,39,100,49.3618,2.0259
76400,-1116.0,54,100,47.6367,2.0992
76500,-643.0,42,100,48.0072,2.083
76600,-675.0,55,100,49.1996,2.0325
76700,-684.0,53,100,48.3784,2.067
76800,-810.0,41,100,48.6212,2.0567
76900,-622.0,38,100,48.5528,2.0596
77000,-525.0,29,100,48.3866,2.0667
77100,-659.0,41,100,48.7857,2.0498
77200,-544.0,35,100,48.5401,2.0602
77300,-833.0,56,100,48.6,2.0576
77400,-726.0,50,100,48.5208,2.061
77500,-721.0,46,100,48.3552,2.068
77600,-694.0,53,100,48.7915,2.0495
77700,-699.0,49,100,48.6793,2.0543
77800,-664.0,54,100,48.1922,2.075
77900,-880.0,64,100,48.539,2.0602
78000,-814.0,48,100,49.0865,2.0372
78100,-657.0,48,100,48.8862,2.0456
78200,-734.0,65,100,47.9622,2.085
78300,-555.0,32,100,47.9765,2.0844
78400,-735.0,50,100,49.1202,2.0358
78500,-611.0,35,100,48.5183,2.0611
78600,-608.0,36,100,48.3488,2.0683
78700,-841.0,55,100,48.4687,2.0632
78800,-844.0,53,100,48.6856,2.054
78900,-982.0,49,100,48.7381,2.0518
79000,-755.0,59,100,48.769,2.0505
79100,-797.0,51,100,48.5839,2.0583
79200,-631.0,51,100,48.7693,2.0505
79300,-750.0,54,100,48.8629,2.0465
79400,-668.0,47,100,48.6382,2.056
79500,-904.0,54,100,48.1014,2.0789
79600,-706.0,47,100,41.2881,2.422
79700,-532.0,42,100,48.2982,2.0705
79800,-815.0,47,100,48.2829,2.0711
79900,-880.0,45,100,49.0535,2.0386
80000,-777.0,61,100,0.0,0.7375
80100,-904.0,52,100,46.0151,2.1732
80200,-826.0,49,100,49.1409,2.035
80300,-914.0,27,100,49.4757,2.0212
80400,-900.0,68,100,49.7076,2.0118
80500,-606.0,53,100,49.0742,2.0377
80600,-970.0,61,100,49.2616,2.03
80700,-801.0,55,100,49.0009,2.0408
80800,-777.0,49,100,42.6354,2.3455
80900,-856.0,59,100,48.6113,2.0571
81000,-684.0,54,100,43.1601,2.317
81100,-831.0,59,100,42.1208,2.3741
81200,-781.0,48,100,47.8432,2.0902
81300,-535.0,41,100,40.1292,2.492
81400,-918.0,66,100,42.7753,2.3378
81500,-708.0,52,100,41.8132,2.3916
81600,-695.0,50,100,48.4282,2.0649
81700,-763.0,53,100,48.0756,2.0801
81800,-710.0,40,100,45.8758,2.1798
81900,-666.0,49,100,48.6339,2.0562
82000,-837.0,45,100,49.2361,2.031
82100,-717.0,46,100,46.8263,2.1356
82200,-779.0,52,100,48.5211,2.061
82300,-741.0,50,100,47.0559,2.1251
82400,-817.0,39,100,48.4594,2.0636
82500,-783.0,50,100,48.3517,2.0682
82600,-766.0,45,100,44.6833,2.238
82700,-751.0,54,100,46.2359,2.1628
82800,-806.0,62,100,46.6339,2.1444
82900,-748.0,57,100,45.654,2.1904
83000,-713.0,32,100,44.5024,2.2471
83100,-617.0,44,100,45.2683,2.2091
83200,-767.0,49,100,48.3896,2.0666
83300,-711.0,45,100,49.1983,2.0326
83400,-688.0,45,100,48.3807,2.0669
83500,-629.0,45,100,48.9898,2.0412
83600,-544.0,41,100,48.8306,2.0479
83700,-680.0,42,100,48.6504,2.0555
83800,-686.0,48,100,49.4256,2.0232
83900,-713.0,52,100,48.7481,2.0514
84000,-872.0,50,100,48.8602,2.0467
84100,-665.0,47,100,48.3634,2.0677
84200,-831.0,56,100,48.8406,2.0475
84300,-911.0,55,100,49.4992,2.0202
84400,-735.0,43,100,42.5154,2.3521
84500,-1052.0,56,100,46.1934,2.1648
84600,-624.0,46,100,50.0824,1.9967
84700,-730.0,50,100,48.9599,2.0425
84800,-637.0,45,100,47.97,2.0846
84900,-683.0,50,100,48.8898,2.0454
85000,-745.0,47,100,49.2033,2.0324
85100,-726.0,55,100,48.8606,2.0466
85200,-663.0,61,100,48.8185,2.0484
85300,-755.0,69,100,48.8805,2.0458
85400,-697.0,46,100,48.4127,2.0656
85500,-823.0,54,100,48.8571,2.0468
85600,-749.0,47,100,48.427,2.065
85700,-717.0,49,100,48.7836,2.0499
85800,-833.0,63,100,48.799,2.0492
85900,-862.0,57,100,49.1568,2.0343
86000,-789.0,45,100,50.0323,1.9987
86100,-731.0,37,100,49.8272,2.0069
86200,-1006.0,68,100,49.4103,2.0239
86300,-548.0,35,100,48.9595,2.0425
86400,-620.0,43,100,48.9316,2.0437
86500,-657.0,30,100,48.8082,2.0488
86600,-713.0,44,100,49.3107,2.028
86700,-901.0,58,100,48.6616,2.055
86800,-576.0,41,100,49.2162,2.0319
86900,-620.0,49,100,48.6472,2.0556
87000,-718.0,42,100,47.93,2.0864
87100,-842.0,67,100,48.395,2.0663
87200,-783.0,44,100,50.4623,1.9817
87300,-692.0,51,100,49.6116,2.0157
87400,-708.0,49,100,48.7914,2.0495
87500,-897.0,53,100,49.6698,2.0133
87600,-820.0,52,100,48.3629,2.0677
87700,-670.0,44,100,49.1616,2.0341
87800,-657.0,44,100,48.7729,2.0503
87900,-688.0,42,100,48.8793,2.0459
88000,-846.0,54,100,48.96,2.0425
88100,-707.0,54,100,49.4683,2.0215
88200,-626.0,46,100,49.1968,2.0327
88300,-621.0,30,100,48.3647,2.0676
88400,-659.0,42,100,48.6087,2.0572
88500,-731.0,47,100,49.2548,2.0303
88600,-709.0,45,100,48.4391,2.0645
88700,-558.0,49,100,48.729,2.0522
88800,-504.0,34,100,48.3792,2.067
88900,-542.0,30,100,49.6045,2.0159
89000,-658.0,38,100,48.0707,2.0803
89100,-612.0,38,100,49.0685,2.038
89200,-532.0,37,100,48.8523,2.047
89300,-839.0,49,100,48.0127,2.0828
89400,-856.0,57,100,44.1317,2.2659
89500,-582.0,44,100,45.9302,2.1772
89600,-684.0,31,100,48.0833,2.0797
89700,-690.0,49,100,49.1679,2.0339
89800,-581.0,44,100,48.1421,2.0772
89900,-801.0,42,100,46.9776,2.1287
90000,-696.0,53,100,0.0,0.4089
90100,-773.0,42,100,48.051,2.0811
90200,-620.0,38,100,48.4013,2.0661
90300,-588.0,48,100,49.1219,2.0358
90400,-869.0,55,100,48.4912,2.0622
90500,-587.0,25,100,47.9425,2.0858
90600,-549.0,36,100,48.7009,2.0534
90700,-557.0,45,100,48.7582,2.0509
90800,-825.0,55,100,48.7843,2.0498
90900,-667.0,53,100,49.6347,2.0147
91000,-562.0,42,100,49.2243,2.0315
91100,-660.0,51,100,48.9896,2.0413
91200,-590.0,48,100,50.0105,1.9996
91300,-553.0,38,100,49.2493,2.0305
91400,-623.0,51,100,48.7433,2.0516
91500,-603.0,45,100,49.9187,2.0033
91600,-539.0,38,100,49.0189,2.04
91700,-540.0,44,100,50.0857,1.9966
91800,-570.0,50,100,48.6572,2.0552
91900,-651.0,49,100,48.4997,2.0619
92000,-774.0,60,100,48.4703,2.0631
92100,-668.0,35,100,49.3834,2.025
92200,-542.0,48,100,47.7367,2.0948
92300,-462.0,30,100,47.7585,2.0939
92400,-597.0,40,100,48.9633,2.0423
92500,-481.0,43,100,48.8771,2.0459
92600,-756.0,63,100,49.318,2.0277
92700,-650.0,47,100,48.9298,2.0437
92800,-552.0,36,100,48.6613,2.055
92900,-616.0,45,100,48.8164,2.0485
93000,-518.0,41,100,49.4022,2.0242
93100,-599.0,46,100,49.3508,2.0263
93200,-601.0,52,100,49.7879,2.0085
93300,-649.0,51,100,48.9878,2.0413
93400,-551.0,39,100,49.1589,2.0342
93500,-649.0,38,100,47.7042,2.0963
93600,-766.0,54,100,48.9673,2.0422
93700,-528.0,32,100,49.1513,2.0345
93800,-548.0,47,100,48.1456,2.077
93900,-589.0,44,100,48.4824,2.0626
94000,-440.0,39,100,49.5528,2.018
94100,-609.0,47,100,48.5097,2.0614
94200,-549.0,40,100,50.1432,1.9943
94300,-700.0,58,100,49.7467,2.0102
94400,-552.0,39,100,49.3411,2.0267
94500,-646.0,56,100,50.0241,1.999
94600,-642.0,42,100,48.5048,2.0617
94700,-608.0,32,100,48.4742,2.063
94800,-500.0,41,100,49.5855,2.0167
94900,-534.0,39,100,45.3259,2.2062
95000,-611.0,48,100,46.4009,2.1551
95100,-461.0,38,100,47.7236,2.0954
95200,-499.0,37,100,48.2012,2.0746
95300,-572.0,43,100,49.0353,2.0394
95400,-517.0,49,100,48.6519,2.0554
95500,-451.0,42,100,49.6364,2.0147
95600,-527.0,34,100,50.1935,1.9923
95700,-539.0,35,100,50.244,1.9903
95800,-543.0,43,100,49.1793,2.0334
95900,-655.0,57,100,49.042,2.0391
96000,-567.0,46,100,49.2425,2.0308
96100,-467.0,46,100,49.1879,2.033
96200,-532.0,38,100,50.0162,1.9994
96300,-540.0,39,100,50.1947,1.9922
96400,-667.0,40,100,49.0892,2.0371
96500,-543.0,45,100,47.7689,2.0934
96600,-611.0,46,100,48.3961,2.0663
96700,-526.0,42,100,48.8187,2.0484
96800,-537.0,47,100,46.5584,2.1478
96900,-645.0,52,100,50.1803,1.9928
97000,-472.0,42,100,47.7129,2.0959
97100,-482.0,42,100,49.579,2.017
97200,-453.0,48,100,49.5995,2.0161
97300,-561.0,41,100,49.3244,2.0274
97400,-717.0,67,100,49.4434,2.0225
97500,-597.0,69,100,48.2572,2.0722
97600,-764.0,52,100,48.8418,2.0474
97700,-607.0,71,100,47.2444,2.1167
97800,-839.0,49,100,47.8705,2.089
97900,-784.0,63,100,47.419,2.1089
98000,-491.0,47,100,47.0544,2.1252
98100,-492.0,44,100,48.2943,2.0706
98200,-553.0,48,100,47.4499,2.1075
98300,-533.0,39,100,46.7675,2.1382
98400,-734.0,55,100,47.3526,2.1118
98500,-542.0,45,100,45.6389,2.1911
98600,-620.0,49,100,45.415,2.2019
98700,-549.0,45,100,47.7882,2.0926
98800,-650.0,31,100,47.5775,2.1018
98900,-719.0,45,100,50.3041,1.9879
99000,-452.0,39,100,49.0658,2.0381
99100,-543.0,44,100,48.3295,2.0691
99200,-541.0,41,100,48.171,2.0759
99300,-597.0,51,100,49.0618,2.0382
99400,-464.0,37,100,49.3766,2.0252
99500,-525.0,37,100,48.7761,2.0502
99600,-530.0,41,100,49.3929,2.0246
99700,-646.0,44,100,50.1901,1.9924
99800,-507.0,37,100,49.7267,2.011
99900,-433.0,27,100,48.9996,2.0408
