env_steps,return,restorations,infiltrations,length,FPS,time
0,-25.1793,46,801,100,0.0,0.3823
100,-32.5615,54,662,100,483.53,0.2068
200,-41.1794,64,558,100,500.7162,0.1997
300,-23.0698,52,540,100,513.4994,0.1947
400,-25.2728,44,671,100,534.2674,0.1872
500,-30.8148,46,783,100,10.5636,9.4664
600,-37.2071,55,635,100,48.8852,2.0456
700,-28.3904,45,709,100,48.1795,2.0756
800,-32.139,47,756,100,49.0105,2.0404
900,-43.1441,55,660,100,48.7006,2.0534
1000,-39.8534,52,658,100,46.8759,2.1333
1100,-26.7036,43,824,100,47.4553,2.1072
1200,-23.2975,38,933,100,46.9582,2.1296
1300,-38.6704,56,511,100,43.2908,2.31
1400,-51.0718,59,586,100,46.9457,2.1301
1500,-27.8453,47,682,100,45.3458,2.2053
1600,-50.9669,61,585,100,47.5777,2.1018
1700,-45.0917,56,670,100,49.6456,2.0143
1800,-21.8073,36,799,100,48.2272,2.0735
1900,-25.7118,41,788,100,48.8411,2.0475
2000,-43.1283,54,747,100,46.7857,2.1374
2100,-21.615,46,627,100,48.1416,2.0772
2200,-34.4235,49,543,100,49.7943,2.0083
2300,-51.2602,62,493,100,48.0946,2.0792
2400,-44.163,55,647,100,50.0192,1.9992
2500,-45.086,61,361,100,47.5681,2.1023
2600,-36.1653,49,627,100,49.4422,2.0226
2700,-27.9462,46,730,100,50.0394,1.9984
2800,-44.4252,56,601,100,47.361,2.1114
2900,-36.692,50,645,100,48.7035,2.0532
3000,-27.8021,41,897,100,48.4756,2.0629
3100,-43.9045,53,768,100,48.9571,2.0426
3200,-20.9192,42,697,100,49.183,2.0332
3300,-29.024,45,755,100,48.3905,2.0665
3400,-28.2104,44,741,100,48.2379,2.0731
3500,-25.6878,52,565,100,49.5339,2.0188
3600,-5.898,27,973,100,48.4916,2.0622
3700,-19.8578,35,866,100,49.0162,2.0401
3800,-22.7607,49,665,100,47.4865,2.1059
3900,-50.0373,59,520,100,50.5635,1.9777
4000,-32.4427,48,634,100,47.9682,2.0847
4100,-33.2592,45,794,100,47.1487,2.121
4200,-20.5908,48,578,100,50.4223,1.9832
4300,-34.5032,48,800,100,49.2824,2.0291
4400,-21.6258,38,782,100,50.8075,1.9682
4500,-38.9909,50,559,100,50.7843,1.9691
4600,-36.4361,50,617,100,50.6103,1.9759
4700,-37.8417,52,702,100,49.5853,2.0167
4800,-35.2014,48,733,100,50.9697,1.962
4900,-12.4483,35,904,100,50.3856,1.9847
5000,-36.5645,48,624,100,52.3992,1.9084
5100,-25.5558,44,484,100,48.9729,2.0419
5200,-33.4511,48,641,100,49.3561,2.0261
5300,-13.0831,38,699,100,50.7206,1.9716
5400,-31.1118,43,823,100,50.6521,1.9743
5500,-28.7007,41,954,100,50.6222,1.9754
5600,-37.3787,50,505,100,49.3326,2.0271
5700,-44.5078,55,472,100,49.695,2.0123
5800,-25.525,41,668,100,50.5452,1.9784
5900,-10.3403,32,911,100,50.228,1.9909
6000,-8.1697,36,783,100,52.2659,1.9133
6100,-29.831,45,716,100,49.536,2.0187
6200,-25.0373,40,834,100,49.7432,2.0103
6300,-23.0703,35,875,100,51.4173,1.9449
6400,-38.8792,57,474,100,49.2336,2.0311
6500,-27.9026,44,654,100,51.4958,1.9419
6600,-29.6962,43,842,100,49.598,2.0162
6700,-28.9067,41,784,100,49.6176,2.0154
6800,-40.6975,52,578,100,48.7666,2.0506
6900,-22.0657,45,440,100,47.0557,2.1251
7000,-31.5765,45,721,100,46.3096,2.1594
7100,-13.6136,40,750,100,48.2199,2.0738
7200,-33.0975,44,709,100,47.5589,2.1027
7300,-30.4186,43,880,100,46.9667,2.1292
7400,-39.0675,51,840,100,45.4471,2.2004
7500,-14.6405,35,924,100,46.5569,2.1479
7600,-32.3991,47,717,100,45.7835,2.1842
7700,-32.2592,45,777,100,48.0864,2.0796
7800,-32.23,51,660,100,48.3458,2.0684
7900,-48.4112,58,489,100,48.4126,2.0656
8000,-29.1645,44,826,100,48.681,2.0542
8100,-27.3525,43,918,100,49.2917,2.0287
8200,-42.5424,55,676,100,44.4447,2.25
8300,-43.4647,58,582,100,50.2523,1.99
8400,-43.9893,58,603,100,47.5942,2.1011
8500,-34.8075,55,653,100,46.8777,2.1332
8600,-31.5405,48,765,100,46.6787,2.1423
8700,-37.0328,55,580,100,48.6111,2.0571
8800,-42.7088,58,405,100,47.7819,2.0928
8900,-37.6205,52,724,100,49.872,2.0051
9000,-33.0706,46,845,100,48.1913,2.0751
9100,-24.6402,50,695,100,48.9333,2.0436
9200,-37.6956,50,619,100,49.1154,2.036
9300,-49.2267,58,511,100,49.5639,2.0176
9400,-43.8492,59,712,100,48.7817,2.05
9500,-31.8825,40,968,100,47.8058,2.0918
9600,-16.7105,52,488,100,48.373,2.0673
9700,-39.7555,55,674,100,46.9987,2.1277
9800,-21.3538,39,850,100,48.1372,2.0774
9900,-37.3307,53,665,100,47.8341,2.0906
10000,-30.4161,46,693,100,0.0,0.4096
10100,-45.5467,54,825,100,48.5596,2.0593
10200,-25.6803,44,664,100,50.2399,1.9905
10300,-35.9778,51,758,100,49.488,2.0207
10400,-16.7105,45,772,100,48.8869,2.0455
10500,-36.2704,50,823,100,49.7237,2.0111
10600,-29.2939,54,492,100,48.8917,2.0453
10700,-32.1662,45,739,100,50.9166,1.964
10800,-32.1791,45,805,100,48.8631,2.0465
10900,-40.163,52,708,100,49.504,2.02
11000,-19.0972,43,547,100,49.7524,2.01
11100,-39.2455,53,801,100,49.3212,2.0275
11200,-34.4782,53,602,100,48.6913,2.0538
11300,-26.626,41,846,100,49.1674,2.0339
11400,-22.6711,46,827,100,50.2601,1.9897
11500,-31.2526,55,486,100,50.6042,1.9761
11600,-37.0297,50,856,100,49.7649,2.0095
11700,-55.4961,67,508,100,50.8192,1.9678
11800,-35.215,48,894,100,49.7454,2.0102
11900,-23.4416,46,760,100,51.4535,1.9435
12000,-33.4242,47,829,100,48.8364,2.0477
12100,-17.6741,38,727,100,51.1649,1.9545
12200,-23.0331,41,936,100,50.1851,1.9926
12300,-36.1896,52,703,100,51.458,1.9433
12400,-57.2682,64,670,100,51.3274,1.9483
12500,-22.8042,45,610,100,50.0146,1.9994
12600,-35.8121,48,880,100,50.0992,1.996
12700,-34.7577,50,789,100,49.4341,2.0229
12800,-19.9801,39,924,100,49.1847,2.0332
12900,-37.7822,52,756,100,50.0184,1.9993
13000,-37.323,48,835,100,51.3999,1.9455
13100,-29.3079,46,718,100,50.8362,1.9671
13200,-28.2274,47,663,100,51.4536,1.9435
13300,-42.2216,56,626,100,51.0606,1.9585
13400,-31.8595,48,774,100,47.351,2.1119
13500,-47.9782,61,717,100,49.8244,2.007
13600,-17.0835,40,948,100,46.0075,2.1736
13700,-29.3883,49,660,100,45.9461,2.1765
13800,-18.7127,36,886,100,48.6689,2.0547
13900,-34.473,49,875,100,48.192,2.075
14000,-39.3425,59,552,100,49.6997,2.0121
14100,-35.6131,52,543,100,48.9087,2.0446
14200,-34.2587,41,890,100,48.9397,2.0433
14300,-23.6206,43,821,100,49.1433,2.0349
14400,-38.1146,51,940,100,49.0441,2.039
14500,-36.3731,48,979,100,49.618,2.0154
14600,-25.6662,43,965,100,49.9533,2.0019
14700,-16.3462,32,1094,100,49.1018,2.0366
14800,-27.2064,43,1021,100,48.6063,2.0573
14900,-16.3621,26,993,100,49.3061,2.0281
15000,-31.6953,42,838,100,49.1484,2.0347
15100,-23.5517,34,1034,100,48.5723,2.0588
15200,-55.8975,63,741,100,48.7864,2.0498
15300,-26.3213,35,1065,100,48.4063,2.0658
15400,-29.5347,43,783,100,48.8269,2.0481
15500,-17.349,23,1007,100,48.7924,2.0495
15600,-36.4689,42,753,100,49.9829,2.0007
15700,-20.6481,32,969,100,49.515,2.0196
15800,-32.968,48,674,100,48.8428,2.0474
15900,-12.4501,23,618,100,48.6113,2.0571
16000,-24.7896,34,830,100,47.9943,2.0836
16100,-15.4685,28,908,100,45.9535,2.1761
16200,-13.6397,30,895,100,44.6115,2.2416
16300,-16.2774,36,842,100,47.0775,2.1242
16400,-38.7115,52,821,100,48.0914,2.0794
16500,-24.6313,45,945,100,48.7501,2.0513
16600,-13.3643,43,944,100,47.5233,2.1042
16700,-21.8134,37,1008,100,47.1159,2.1224
16800,-21.6871,30,1010,100,47.6801,2.0973
16900,-38.3635,47,723,100,47.3921,2.1101
17000,-52.757,60,942,100,48.0342,2.0819
17100,-31.9537,51,966,100,47.4824,2.106
17200,-51.7457,56,1156,100,48.6339,2.0562
17300,-21.6858,38,982,100,48.2462,2.0727
17400,-44.5942,52,1134,100,48.3005,2.0704
17500,-38.6057,49,875,100,48.2746,2.0715
17600,-35.4787,50,660,100,48.2524,2.0724
17700,-36.1844,48,726,100,48.0995,2.079
17800,-47.093,59,844,100,47.7379,2.0948
17900,-45.1499,61,933,100,48.4973,2.062
18000,-24.4375,62,517,100,48.3333,2.069
18100,-38.0048,52,906,100,49.2271,2.0314
18200,-30.861,49,1028,100,47.8103,2.0916
18300,-43.8517,58,614,100,48.8322,2.0478
18400,-41.8781,61,735,100,49.9072,2.0037
18500,-40.3622,59,952,100,50.0837,1.9967
18600,-34.8225,55,926,100,47.6486,2.0987
18700,-31.4854,56,759,100,48.8845,2.0456
18800,-31.1271,49,744,100,47.9005,2.0877
18900,-37.4061,48,801,100,52.3233,1.9112
19000,-40.1018,50,1007,100,50.2118,1.9916
19100,-35.2709,51,984,100,50.1658,1.9934
19200,-43.1274,55,981,100,51.6525,1.936
19300,-58.9219,66,639,100,48.7683,2.0505
19400,-53.6647,67,689,100,49.9753,2.001
19500,-15.1705,27,1021,100,49.3866,2.0248
19600,-38.8359,52,990,100,49.1561,2.0343
19700,-45.6096,61,838,100,45.6139,2.1923
19800,-33.6395,55,1056,100,46.9368,2.1305
19900,-28.8702,44,1037,100,49.9318,2.0027
20000,-49.9183,63,757,100,0.0,0.4149
20100,-38.9044,54,982,100,48.6934,2.0537
20200,-17.2546,51,787,100,49.2007,2.0325
20300,-26.1412,39,890,100,48.9811,2.0416
20400,-38.1574,52,878,100,49.2662,2.0298
20500,-39.1882,55,871,100,49.7303,2.0108
20600,-25.2098,39,839,100,49.9714,2.0011
20700,-40.1979,58,1088,100,47.2727,2.1154
20800,-46.4738,58,891,100,45.9183,2.1778
20900,-44.158,57,989,100,46.004,2.1737
21000,-51.9887,63,954,100,43.2661,2.3113
21100,-44.6947,59,992,100,43.6055,2.2933
21200,-42.1931,56,873,100,46.615,2.1452
21300,-34.6863,56,1051,100,47.4149,2.109
21400,-47.6991,61,984,100,46.2472,2.1623
21500,-60.6669,72,629,100,46.8233,2.1357
21600,-32.1741,48,918,100,47.9122,2.0872
21700,-50.7834,63,825,100,45.749,2.1858
21800,-30.4566,48,1078,100,47.8203,2.0912
21900,-46.7791,62,872,100,45.7088,2.1878
22000,-50.5101,66,907,100,46.8553,2.1342
22100,-19.105,50,1044,100,48.6063,2.0573
22200,-53.2796,67,854,100,42.3838,2.3594
22300,-41.953,62,963,100,45.7211,2.1872
22400,-47.1286,63,947,100,47.595,2.1011
22500,-59.8548,70,983,100,45.4999,2.1978
22600,-36.3867,59,870,100,46.4764,2.1516
22700,-69.76,78,964,100,47.6727,2.0976
22800,-37.6952,59,1045,100,49.81,2.0076
22900,-31.1867,53,1084,100,49.172,2.0337
23000,-41.0282,63,1090,100,48.9898,2.0412
23100,-61.182,75,992,100,49.382,2.025
23200,-40.9251,60,1047,100,49.026,2.0397
23300,-45.5031,65,955,100,49.0977,2.0368
23400,-41.9965,62,1094,100,48.5016,2.0618
23500,-43.4862,67,1162,100,48.3616,2.0678
23600,-44.9164,65,795,100,48.1339,2.0775
23700,-32.7807,55,1082,100,48.6163,2.0569
23800,-47.9884,66,957,100,49.1636,2.034
23900,-43.6493,64,1043,100,44.5823,2.243
24000,-45.1293,67,951,100,40.7194,2.4558
24100,-39.6252,63,1069,100,46.9902,2.1281
24200,-27.8779,56,1141,100,48.1149,2.0784
24300,-32.4852,48,1092,100,48.3031,2.0703
24400,-3.543,56,862,100,48.2569,2.0722
24500,-34.3529,41,1170,100,48.1614,2.0764
24600,-44.1343,50,1028,100,49.269,2.0297
24700,-58.9009,67,814,100,48.0102,2.0829
24800,-24.0383,45,1107,100,48.1343,2.0775
24900,-32.6454,57,1091,100,48.3776,2.0671
25000,-21.6445,44,1093,100,48.0932,2.0793
25100,-28.4951,50,1075,100,49.5747,2.0172
25200,-48.6759,62,1072,100,48.4257,2.065
25300,-36.4256,58,1091,100,48.8605,2.0466
25400,-71.0881,76,1160,100,49.1075,2.0364
25500,-55.7076,73,1085,100,50.1762,1.993
25600,-28.6916,53,1017,100,48.1712,2.0759
25700,-36.9965,56,1208,100,47.9837,2.084
25800,-33.6867,51,1130,100,48.0442,2.0814
25900,-8.3048,51,866,100,48.32,2.0695
26000,-38.1475,52,900,100,49.0446,2.039
26100,-23.2784,43,1192,100,48.7014,2.0533
26200,-50.7545,67,1022,100,49.0939,2.0369
26300,-36.4798,60,999,100,46.8206,2.1358
26400,-68.9712,75,942,100,47.2677,2.1156
26500,-44.5779,61,1043,100,47.7572,2.0939
26600,-57.8148,71,876,100,48.0853,2.0796
26700,-45.1734,64,1088,100,47.0823,2.1239
26800,21.227,67,493,100,47.9913,2.0837
26900,-49.7994,63,963,100,47.9336,2.0862
27000,-40.0601,61,1052,100,49.3238,2.0274
27100,-29.8211,57,1011,100,48.7298,2.0521
27200,-49.9852,68,1048,100,48.1778,2.0756
27300,-48.0644,65,1128,100,48.3622,2.0677
27400,-42.3899,56,870,100,48.9537,2.0427
27500,-45.7656,59,871,100,44.4358,2.2504
27600,-46.1048,54,1067,100,47.9801,2.0842
27700,-13.3259,23,1181,100,48.9152,2.0444
27800,-14.9729,26,1136,100,48.5977,2.0577
27900,-16.0559,31,1056,100,47.896,2.0879
28000,-31.1299,43,1046,100,49.6253,2.0151
28100,-30.9935,55,1070,100,49.6789,2.0129
28200,-52.2558,63,971,100,49.5219,2.0193
28300,-43.3956,52,1049,100,47.5401,2.1035
28400,-33.9673,54,972,100,48.3616,2.0678
28500,-34.3694,54,1044,100,49.1164,2.036
28600,-19.2051,39,1106,100,48.2941,2.0706
28700,-38.3404,50,1073,100,47.6329,2.0994
28800,-54.106,59,1143,100,49.2502,2.0304
28900,-16.7775,33,1209,100,47.1379,2.1214
29000,-28.2762,37,1017,100,48.7928,2.0495
29100,-42.14,69,1074,100,48.1192,2.0782
29200,-44.1429,66,1078,100,48.2789,2.0713
29300,-36.1371,56,1229,100,48.1448,2.0771
29400,-31.3969,58,1127,100,48.6552,2.0553
29500,-47.113,69,1078,100,48.5988,2.0577
29600,-33.2022,62,1187,100,48.0737,2.0801
29700,-7.9666,46,1185,100,48.3261,2.0693
29800,-50.6915,69,1082,100,49.8002,2.008
29900,-25.3362,52,1120,100,47.6398,2.0991
30000,-66.8625,76,1271,100,0.0,0.427
30100,-64.4545,80,1110,100,48.5749,2.0587
30200,-11.6723,21,1073,100,44.9954,2.2224
30300,-32.4086,45,1113,100,46.4517,2.1528
30400,-42.4636,57,1098,100,50.111,1.9956
30500,-35.8986,57,954,100,46.2867,2.1604
30600,-77.7556,82,1150,100,47.3602,2.1115
30700,-40.8558,60,1052,100,48.6079,2.0573
30800,-17.125,28,1127,100,42.9668,2.3274
30900,-45.7433,68,1010,100,46.7327,2.1398
31000,-31.9631,61,1103,100,48.41,2.0657
31100,-42.6342,69,1054,100,47.9686,2.0847
31200,-38.3358,57,984,100,48.9153,2.0444
31300,-31.6222,60,1066,100,44.2488,2.2599
31400,-33.9244,60,1072,100,46.579,2.1469
31500,-72.2899,84,1151,100,46.1177,2.1684
31600,-47.4485,63,1057,100,47.5489,2.1031
31700,-48.7467,71,1137,100,47.9052,2.0875
31800,-42.0,71,1187,100,48.7553,2.0511
31900,-48.2375,72,1091,100,49.0399,2.0392
32000,-100.0,100,1194,100,47.9592,2.0851
32100,-88.9167,92,1075,100,48.5217,2.0609
32200,-44.1667,71,1070,100,47.6104,2.1004
32300,-48.538,68,1002,100,47.3375,2.1125
32400,-40.1592,63,1090,100,46.6247,2.1448
32500,-52.1087,72,1109,100,45.8456,2.1812
32600,-22.3585,45,1074,100,47.2693,2.1155
32700,-93.923,96,1267,100,48.1068,2.0787
32800,-33.9917,61,1161,100,48.8592,2.0467
32900,-53.8529,70,1086,100,46.6972,2.1415
33000,-50.3585,70,1069,100,48.0416,2.0815
33100,-47.9335,71,1182,100,47.9684,2.0847
33200,-51.3654,73,1082,100,48.4543,2.0638
33300,-54.2782,75,958,100,49.389,2.0247
33400,-44.4401,70,1072,100,48.1678,2.0761
33500,-73.5349,85,1045,100,43.4785,2.3
33600,-40.212,69,1125,100,48.1933,2.075
33700,-47.0412,72,992,100,48.7908,2.0496
33800,-50.2763,71,1021,100,44.8199,2.2312
33900,-38.0361,64,1113,100,48.9035,2.0448
34000,-31.7033,65,1199,100,47.8074,2.0917
34100,-55.8295,77,1061,100,48.709,2.053
34200,-44.5676,63,1050,100,48.666,2.0548
34300,-39.8464,69,1125,100,47.7948,2.0923
34400,-36.3405,66,1135,100,48.7546,2.0511
34500,-37.4641,63,1143,100,48.184,2.0754
34600,-67.619,83,1039,100,45.6902,2.1887
34700,-36.9286,68,1180,100,45.3074,2.2071
34800,-40.7917,69,1104,100,47.7929,2.0924
34900,-42.2944,68,1086,100,48.6384,2.056
35000,-90.7004,94,969,100,46.8408,2.1349
35100,-42.7778,71,1177,100,49.1422,2.0349
35200,-44.8605,69,1094,100,47.3401,2.1124
35300,-50.8754,72,1052,100,47.8913,2.0881
35400,-63.6518,81,1058,100,48.1175,2.0782
35500,-57.4528,63,1107,100,48.6997,2.0534
35600,-45.2931,70,1176,100,48.6276,2.0564
35700,-51.6587,74,1037,100,49.6968,2.0122
35800,-15.7521,52,1191,100,48.7953,2.0494
35900,-24.9167,62,1158,100,49.3217,2.0275
36000,-97.9623,98,1187,100,48.0915,2.0794
36100,-39.2328,68,1126,100,48.6234,2.0566
36200,-31.9454,63,1121,100,48.4811,2.0627
36300,-34.7532,61,933,100,49.6048,2.0159
36400,-41.9643,70,1151,100,46.9795,2.1286
36500,-53.6111,76,1062,100,47.792,2.0924
36600,-64.7852,80,1004,100,48.6603,2.0551
36700,-24.5828,54,1210,100,48.408,2.0658
36800,-47.3917,71,1097,100,49.7934,2.0083
36900,-43.0108,70,1122,100,49.282,2.0291
37000,-27.4713,61,1213,100,46.7244,2.1402
37100,-86.8333,93,1044,100,49.6025,2.016
37200,-54.6969,76,1014,100,48.7041,2.0532
37300,-50.373,72,1006,100,47.5231,2.1042
37400,-41.6641,66,1244,100,45.1759,2.2136
37500,-58.9866,77,874,100,48.0371,2.0817
37600,-52.3333,72,1118,100,47.9559,2.0853
37700,-23.9375,44,1259,100,46.002,2.1738
37800,-48.064,72,1067,100,47.0044,2.1275
37900,-34.7394,61,1067,100,47.5174,2.1045
38000,-42.4579,65,950,100,46.385,2.1559
38100,-52.9332,74,976,100,45.8239,2.1823
38200,-34.7321,57,1199,100,45.8526,2.1809
38300,-85.254,87,1184,100,44.3017,2.2573
38400,-22.1315,46,997,100,45.2523,2.2098
38500,-2.7143,40,1233,100,45.469,2.1993
38600,-8.0,9,1163,100,44.537,2.2453
38700,-51.2205,74,1183,100,45.0809,2.2182
38800,-32.8274,65,1065,100,44.1949,2.2627
38900,-79.0,89,817,100,46.1861,2.1652
39000,-43.6278,71,1111,100,47.3878,2.1102
39100,-28.0,62,1146,100,49.5378,2.0187
39200,-45.9429,66,948,100,46.6343,2.1443
39300,-30.0848,33,1059,100,48.2534,2.0724
39400,-38.3778,63,1065,100,47.7887,2.0925
39500,-35.1811,48,1010,100,48.2684,2.0717
39600,-80.0,80,1157,100,48.2986,2.0705
39700,-25.2276,29,1034,100,48.3309,2.0691
39800,-33.4695,59,1048,100,49.3418,2.0267
39900,-56.1667,75,1120,100,48.8194,2.0484
40000,-37.5953,62,1184,100,0.0,0.4156
40100,-28.4286,57,1156,100,48.2656,2.0719
40200,-23.7166,53,1199,100,46.6801,2.1422
40300,-27.6855,55,1102,100,46.9959,2.1278
40400,-23.3691,51,1189,100,49.4022,2.0242
40500,-21.9696,41,1079,100,48.2587,2.0722
40600,-20.4849,54,1038,100,47.3244,2.1131
40700,-41.5975,57,920,100,48.3663,2.0676
40800,-34.467,42,931,100,49.0252,2.0398
40900,-71.8395,76,1163,100,48.4608,2.0635
41000,-28.4688,54,961,100,47.3748,2.1108
41100,-42.9403,63,1081,100,49.0556,2.0385
41200,-14.4735,34,1095,100,49.0505,2.0387
41300,-44.0821,63,896,100,49.4057,2.0241
41400,-57.5697,75,1005,100,48.959,2.0425
41500,-58.523,66,1041,100,47.7301,2.0951
41600,-33.0088,56,1076,100,48.9424,2.0432
41700,-38.2434,57,989,100,48.3455,2.0684
41800,-33.0867,64,1155,100,49.4771,2.0211
41900,-43.6,62,995,100,47.4426,2.1078
42000,-24.7778,60,1242,100,47.4983,2.1053
42100,-33.4995,57,1062,100,48.2403,2.073
42200,-23.1333,56,1203,100,48.6709,2.0546
42300,-30.53,49,1057,100,48.8169,2.0485
42400,-33.8564,57,991,100,47.6821,2.0972
42500,-39.2314,63,1118,100,47.1919,2.119
42600,-39.0,67,1162,100,43.9261,2.2766
42700,-39.1722,63,1180,100,45.3486,2.2051
42800,-48.6799,63,880,100,49.3019,2.0283
42900,-26.2083,60,1060,100,47.3551,2.1117
43000,-24.4989,57,1190,100,47.2242,2.1176
43100,-21.2181,29,1161,100,49.3049,2.0282
43200,-44.6333,66,1142,100,48.284,2.0711
43300,-16.8731,18,1162,100,48.54,2.0602
43400,-14.9753,15,1204,100,49.2039,2.0324
43500,-37.5879,50,1108,100,48.7218,2.0525
43600,-26.1262,60,1104,100,46.89,2.1326
43700,-11.931,13,1227,100,49.2607,2.03
43800,-20.1691,22,1045,100,49.3259,2.0273
43900,-59.4431,73,1073,100,47.4213,2.1088
44000,-10.0,10,1196,100,49.0463,2.0389
44100,-20.5889,25,1075,100,48.7598,2.0509
44200,-18.6324,34,1175,100,46.9925,2.128
44300,-17.9962,21,1179,100,40.9666,2.441
44400,-10.7143,11,1213,100,49.234,2.0311
44500,-37.2545,52,1216,100,49.1074,2.0364
44600,-18.3333,21,1130,100,46.569,2.1474
44700,-11.9068,12,1138,100,50.0339,1.9986
44800,-16.445,19,1082,100,48.0003,2.0833
44900,-59.5326,60,1243,100,49.9915,2.0003
45000,-18.6202,20,1177,100,50.3081,1.9878
45100,-29.7895,41,1019,100,51.5441,1.9401
45200,-24.7824,43,964,100,52.6288,1.9001
45300,-20.0,20,1122,100,51.2447,1.9514
45400,-14.8824,15,1061,100,47.3859,2.1103
45500,-16.8411,25,1090,100,45.7734,2.1847
45600,-16.0105,20,1108,100,47.6865,2.097
45700,-30.1654,34,1003,100,48.2293,2.0734
45800,-17.5623,18,1161,100,46.2814,2.1607
45900,-9.9324,10,1109,100,48.0357,2.0818
46000,-16.9,52,1128,100,46.3091,2.1594
46100,-27.7533,46,1096,100,49.1279,2.0355
46200,-12.4231,22,1222,100,48.7162,2.0527
46300,-2.35,8,1233,100,49.4238,2.0233
46400,-18.5,34,1060,100,48.7073,2.0531
46500,-16.9442,20,1221,100,48.9387,2.0434
46600,-18.0,19,1033,100,49.2379,2.031
46700,-9.9697,11,1243,100,49.9664,2.0013
46800,-6.5947,23,1116,100,48.1125,2.0785
46900,-14.0,14,1045,100,48.5934,2.0579
47000,-10.2712,13,1219,100,48.9814,2.0416
47100,-27.5752,32,1133,100,47.9597,2.0851
47200,-15.3333,40,1132,100,47.3827,2.1105
47300,-4.2512,7,1137,100,49.3659,2.0257
47400,-24.7778,26,877,100,49.8817,2.0047
47500,-15.4247,30,1054,100,48.5303,2.0606
47600,-25.0122,27,1117,100,49.3262,2.0273
47700,-11.4375,12,1245,100,49.3019,2.0283
47800,-11.5669,13,1222,100,48.7274,2.0522
47900,-13.633,17,1223,100,48.4899,2.0623
48000,-18.2515,22,1138,100,49.0503,2.0387
48100,-5.6667,6,1244,100,47.8389,2.0904
48200,-20.2899,26,1146,100,48.0875,2.0795
48300,-8.0,8,1207,100,48.1848,2.0753
48400,-13.1526,17,1082,100,47.4568,2.1072
48500,-13.8079,16,1131,100,48.6458,2.0557
48600,-21.5833,25,1180,100,48.8368,2.0476
48700,-12.5477,20,970,100,48.2193,2.0739
48800,-5.0,6,1222,100,48.3348,2.0689
48900,-4.2778,7,1172,100,47.1916,2.119
49000,0.553,8,1123,100,48.6881,2.0539
49100,-15.649,38,1135,100,47.9101,2.0872
49200,-6.8739,32,1110,100,48.5081,2.0615
49300,-4.9423,5,1187,100,48.6587,2.0551
49400,-4.1391,13,1215,100,49.2081,2.0322
49500,-7.3778,8,1144,100,49.2123,2.032
49600,-5.6947,46,1244,100,35.4621,2.8199
49700,-8.0,8,1151,100,46.5743,2.1471
49800,-9.9021,12,1072,100,46.7561,2.1388
49900,3.8833,6,1132,100,45.6787,2.1892
50000,-7.8889,8,1241,100,0.0,0.4187
50100,-14.3049,17,1086,100,48.2183,2.0739
50200,-3.6019,7,1197,100,49.2397,2.0309
50300,-2.8409,4,1279,100,48.9854,2.0414
50400,-3.7023,5,1173,100,48.725,2.0523
50500,-5.9375,6,1229,100,49.6467,2.0142
50600,-10.8182,11,1221,100,48.4708,2.0631
50700,-20.7044,41,1074,100,49.7141,2.0115
50800,-13.684,17,1286,100,48.6347,2.0561
50900,-3.4571,4,1188,100,49.0516,2.0387
51000,-6.8308,7,1124,100,48.6014,2.0576
51100,-3.5049,14,1147,100,48.0892,2.0795
51200,-5.7778,6,1207,100,48.8807,2.0458
51300,-32.7143,56,948,100,47.4336,2.1082
51400,2.6063,10,1090,100,47.6462,2.0988
51500,-12.3203,15,1020,100,48.482,2.0626
51600,-6.0,7,1094,100,49.0146,2.0402
51700,-4.4804,7,1173,100,48.9848,2.0415
51800,4.2782,6,1195,100,49.1949,2.0327
51900,-3.8979,22,1063,100,48.5766,2.0586
52000,-1.8426,4,1222,100,48.3002,2.0704
52100,-12.3884,35,1158,100,48.3121,2.0699
52200,-0.3533,5,1151,100,48.3185,2.0696
52300,-5.944,20,1095,100,48.2156,2.074
52400,-4.0,4,1297,100,48.1629,2.0763
52500,-2.0405,5,1086,100,48.0803,2.0799
52600,-5.9091,25,1115,100,48.5029,2.0617
52700,-11.4182,13,1086,100,49.0956,2.0368
52800,2.4666,5,1174,100,47.3458,2.1121
52900,-0.0444,5,1199,100,46.1805,2.1654
53000,-1.6091,5,1149,100,39.2912,2.5451
53100,-2.9744,4,1030,100,48.9153,2.0443
53200,-20.206,36,1067,100,48.8746,2.0461
53300,-8.9507,12,1130,100,49.6923,2.0124
53400,-26.2747,40,1020,100,48.4946,2.0621
53500,6.8483,10,1129,100,48.2888,2.0709
53600,-0.8333,16,1026,100,49.1489,2.0346
53700,-7.7543,25,1121,100,49.5399,2.0186
53800,4.3263,3,1121,100,50.0526,1.9979
53900,-2.2252,23,1185,100,48.9535,2.0428
54000,-2.0293,4,1173,100,49.1716,2.0337
54100,-15.5476,44,1184,100,48.4191,2.0653
54200,5.4433,24,1060,100,49.1425,2.0349
54300,-7.4929,35,1132,100,48.4089,2.0657
54400,-3.0,3,1229,100,48.6666,2.0548
54500,-29.9781,39,1011,100,48.0741,2.0801
54600,-10.2381,33,1081,100,49.1072,2.0364
54700,-2.9145,4,1258,100,48.9772,2.0418
54800,2.319,3,1205,100,48.6487,2.0556
54900,-24.9738,46,1132,100,48.496,2.062
55000,-6.1949,13,1204,100,48.3666,2.0675
55100,-9.4687,17,1088,100,48.0995,2.079
55200,-15.9911,29,976,100,49.0737,2.0378
55300,0.7585,4,1082,100,48.7048,2.0532
55400,-3.0,3,1296,100,49.8236,2.0071
55500,-2.2868,3,1050,100,48.0486,2.0812
55600,-13.2024,19,1073,100,48.7527,2.0512
55700,-2.8977,3,1007,100,48.0355,2.0818
55800,-1.4718,7,1161,100,48.8068,2.0489
55900,-28.2461,31,1130,100,48.9798,2.0417
56000,4.8664,3,1101,100,48.7049,2.0532
56100,-2.004,4,1200,100,47.8774,2.0887
56200,1.5109,2,1236,100,49.2687,2.0297
56300,-1.0,2,1180,100,49.0866,2.0372
56400,-1.9491,3,1151,100,49.4006,2.0243
56500,-2.0,2,1130,100,47.8054,2.0918
56600,-2.6004,10,1192,100,49.3916,2.0246
56700,-18.1786,36,1081,100,47.7812,2.0929
56800,-0.9844,19,1013,100,48.2465,2.0727
56900,-1.8889,2,1122,100,49.4879,2.0207
57000,-0.463,1,1266,100,49.3765,2.0253
57100,-13.1644,35,975,100,49.1082,2.0363
57200,6.1092,14,1024,100,49.5641,2.0176
57300,5.0667,1,1156,100,49.4053,2.0241
57400,-18.5,49,1183,100,48.3397,2.0687
57500,-1.0,1,1015,100,48.7897,2.0496
57600,-18.5304,41,1142,100,47.9333,2.0862
57700,-12.1571,22,1152,100,48.1238,2.078
57800,0.5685,1,1198,100,49.6948,2.0123
57900,-17.9758,38,1159,100,48.4352,2.0646
58000,-6.0304,17,1077,100,48.7736,2.0503
58100,0.6024,5,1131,100,48.4535,2.0638
58200,3.6478,5,1167,100,48.7723,2.0503
58300,-1.9524,2,1190,100,49.5548,2.018
58400,-12.3703,25,1160,100,48.5341,2.0604
58500,0.6648,2,1284,100,48.4501,2.064
58600,5.3761,11,1234,100,48.8851,2.0456
58700,0.2353,3,1028,100,48.3238,2.0694
58800,-1.0,1,1095,100,49.487,2.0207
58900,2.4253,1,1192,100,48.3188,2.0696
59000,-1.0878,16,1044,100,48.7357,2.0519
59100,-0.3333,1,1250,100,48.3444,2.0685
59200,-8.8333,39,1187,100,48.5269,2.0607
59300,-12.096,25,1044,100,46.9232,2.1311
59400,-0.3333,1,1100,100,48.8023,2.0491
59500,4.5024,4,1224,100,49.3721,2.0254
59600,-2.0,2,1236,100,49.2459,2.0306
59700,2.1106,2,1168,100,48.5522,2.0596
59800,4.439,1,1113,100,48.1953,2.0749
59900,-1.0,1,1260,100,48.1648,2.0762
60000,-1.088,2,1170,100,0.0,0.4163
60100,1.9057,1,1180,100,48.3865,2.0667
60200,1.5989,8,1240,100,48.0155,2.0827
60300,-0.9565,1,1185,100,49.2224,2.0316
60400,-3.7087,16,1186,100,49.3997,2.0243
60500,-2.0,2,1251,100,48.1464,2.077
60600,8.6436,3,1210,100,49.6421,2.0144
60700,-2.0,2,1198,100,47.786,2.0927
60800,9.7516,5,977,100,47.1853,2.1193
