env_steps,return,invalid_actions_blue,invalid_actions_red,length,FPS,time
0,-24.0,0.1,0.0,100,0.0,0.959
100,-1101.7001,0.11,0.0,100,79.7146,1.2545
200,-650.4,0.15,0.0,100,97.4855,1.0258
300,-21.9,0.19,0.0,100,99.2934,1.0071
400,-1105.2001,0.1,0.0,100,90.0561,1.1104
500,-909.5,0.1,0.0,100,87.2081,1.1467
600,-24.8,0.08,0.0,100,96.8493,1.0325
700,-930.7001,0.08,0.0,100,92.3842,1.0824
800,-799.5,0.12,0.0,100,97.0898,1.03
900,-23.1,0.11,0.0,100,98.8035,1.0121
1000,-817.4,0.1,0.0,100,92.6958,1.0788
1100,-472.8,0.09,0.0,100,91.0127,1.0988
1200,-31.1,0.11,0.0,100,92.5832,1.0801
1300,-947.2001,0.11,0.0,100,89.3018,1.1198
1400,-540.4,0.18,0.0,100,89.0158,1.1234
1500,-20.8,0.18,0.0,100,90.6011,1.1037
1600,-839.1,0.09,0.0,100,93.069,1.0745
1700,-772.1,0.19,0.0,100,91.8093,1.0892
1800,-22.2,0.12,0.0,100,98.2869,1.0174
1900,-893.5,0.1,0.0,100,93.6162,1.0682
2000,-657.2,0.12,0.0,100,95.0245,1.0524
2100,-20.3,0.13,0.0,100,94.6902,1.0561
2200,-790.3,0.15,0.0,100,92.8925,1.0765
2300,-777.6,0.08,0.0,100,89.7237,1.1145
2400,-19.0,0.2,0.0,100,77.1535,1.2961
2500,-847.6001,0.11,0.0,100,87.6399,1.141
2600,-680.7,0.11,0.0,100,91.6432,1.0912
2700,-24.1,0.11,0.0,100,92.0135,1.0868
2800,-901.3,0.07,0.0,100,91.3903,1.0942
2900,-485.9,0.09,0.0,100,92.87,1.0768
3000,-30.2,0.12,0.0,100,95.6227,1.0458
3100,-847.0001,0.05,0.0,100,92.4114,1.0821
3200,-455.7,0.09,0.0,100,91.6128,1.0916
3300,-28.3,0.13,0.0,100,97.9867,1.0206
3400,-796.3,0.07,0.0,100,94.1031,1.0627
3500,-543.9,0.02,0.0,100,96.5184,1.0361
3600,-18.2,0.12,0.0,100,97.8499,1.022
3700,-739.9,0.03,0.0,100,92.1872,1.0848
3800,-526.3,0.07,0.0,100,90.7939,1.1014
3900,-22.9,0.09,0.0,100,92.6266,1.0796
4000,-676.8,0.08,0.0,100,96.3415,1.038
4100,-536.0,0.12,0.0,100,87.7679,1.1394
4200,-22.5,0.15,0.0,100,97.7735,1.0228
4300,-732.6,0.12,0.0,100,97.6286,1.0243
4400,-603.1,0.12,0.0,100,92.2296,1.0843
4500,-24.4,0.24,0.0,100,97.6523,1.024
4600,-573.8,0.1,0.0,100,93.6406,1.0679
4700,-820.2,0.19,0.0,100,92.8239,1.0773
4800,-17.4,0.04,0.0,100,90.1269,1.1095
4900,-500.2,0.07,0.0,100,92.3777,1.0825
5000,-577.6,0.11,0.0,100,96.2032,1.0395
5100,-21.5,0.15,0.0,100,91.9113,1.088
5200,-632.8,0.1,0.0,100,92.7288,1.0784
5300,-542.7,0.14,0.0,100,96.3353,1.038
5400,-21.8,0.18,0.0,100,98.0484,1.0199
5500,-601.5,0.07,0.0,100,92.3073,1.0833
5600,-402.9,0.09,0.0,100,94.0377,1.0634
5700,-20.9,0.09,0.0,100,97.1577,1.0293
5800,-783.9,0.14,0.0,100,92.2053,1.0845
5900,-453.8,0.06,0.0,100,96.3018,1.0384
6000,-27.5,0.05,0.0,100,95.2176,1.0502
6100,-496.4,0.04,0.0,100,96.0173,1.0415
6200,-670.1,0.08,0.0,100,93.6548,1.0678
6300,-19.4,0.04,0.0,100,96.5559,1.0357
6400,-457.7,0.06,0.0,100,92.5249,1.0808
6500,-406.1,0.11,0.0,100,92.9714,1.0756
6600,-11.5,0.15,0.0,100,96.7208,1.0339
6700,-479.3,0.11,0.0,100,90.0827,1.1101
6800,-464.7,0.11,0.0,100,87.049,1.1488
6900,-13.3,0.13,0.0,100,96.3096,1.0383
7000,-519.0,0.12,0.0,100,92.3331,1.083
7100,-618.8,0.11,0.0,100,95.8499,1.0433
7200,-23.9,0.09,0.0,100,93.8942,1.065
7300,-460.0,0.1,0.0,100,93.7199,1.067
7400,-523.0,0.04,0.0,100,93.8047,1.066
7500,-13.1,0.11,0.0,100,94.0673,1.0631
7600,-585.7,0.07,0.0,100,93.4221,1.0704
7700,-549.6,0.14,0.0,100,96.048,1.0411
7800,-13.0,0.1,0.0,100,93.2017,1.0729
7900,-662.3,0.08,0.0,100,91.3918,1.0942
8000,-355.0,0.08,0.0,100,70.5936,1.4166
8100,-17.7,0.07,0.0,100,47.8696,2.089
8200,-442.8,0.08,0.0,100,47.652,2.0986
8300,-538.3,0.07,0.0,100,41.8521,2.3894
8400,-19.1,0.11,0.0,100,49.5393,2.0186
8500,-347.7,0.13,0.0,100,47.5478,2.1032
8600,-353.2,0.1,0.0,100,47.8523,2.0898
8700,-14.6,0.06,0.0,100,43.1692,2.3165
8800,-716.4,0.1,0.0,100,37.3213,2.6794
8900,-475.5,0.09,0.0,100,36.7294,2.7226
9000,-17.0,0.1,0.0,100,37.4937,2.6671
9100,-571.8,0.12,0.0,100,35.6767,2.803
9200,-401.4,0.11,0.0,100,36.8472,2.7139
9300,-16.4,0.04,0.0,100,38.6072,2.5902
9400,-705.3,0.17,0.0,100,28.5566,3.5018
9500,-564.7001,0.15,0.0,100,35.6487,2.8052
9600,-17.0,0.2,0.0,100,36.8415,2.7143
9700,-529.1,0.1,0.0,100,37.1435,2.6923
9800,-494.3,0.13,0.0,100,35.8839,2.7868
9900,-19.8,0.38,0.0,100,38.1321,2.6225
10000,-381.9,0.13,0.0,100,0.0,1.2252
10100,-519.1,0.11,0.0,100,36.9243,2.7082
10200,-16.7,0.37,0.0,100,37.4111,2.673
10300,-374.6,0.1,0.0,100,36.7446,2.7215
10400,-418.3,0.13,0.0,100,36.0405,2.7747
10500,-10.3,0.23,0.0,100,39.5699,2.5272
10600,-510.2,0.17,0.0,100,35.6004,2.809
10700,-377.6,0.02,0.0,100,32.5129,3.0757
10800,-17.9,0.49,0.0,100,38.0921,2.6252
10900,-371.1,0.11,0.0,100,36.1503,2.7662
11000,-474.8,0.07,0.0,100,38.1821,2.619
11100,-19.6,0.36,0.0,100,38.4226,2.6026
11200,-352.8,0.04,0.0,100,35.7684,2.7958
11300,-542.6,0.05,0.0,100,35.5574,2.8124
11400,-16.1,0.41,0.0,100,35.726,2.7991
11500,-465.6,0.08,0.0,100,34.6475,2.8862
11600,-337.1,0.18,0.0,100,35.8489,2.7895
11700,-16.3,0.13,0.0,100,38.1808,2.6191
11800,-433.5,0.13,0.0,100,37.0045,2.7024
11900,-517.9,0.08,0.0,100,37.0879,2.6963
12000,-16.0,0.4,0.0,100,36.9882,2.7036
12100,-358.0,0.05,0.0,100,35.6973,2.8013
12200,-269.3,0.15,0.0,100,34.7472,2.8779
12300,-21.6,0.16,0.0,100,38.5995,2.5907
12400,-286.8,0.02,0.0,100,36.5164,2.7385
12500,-211.4,0.05,0.0,100,34.7778,2.8754
12600,-15.6,0.26,0.0,100,36.9514,2.7063
12700,-461.4,0.07,0.0,100,37.009,2.702
12800,-439.0,0.07,0.0,100,35.6534,2.8048
12900,-10.9,0.09,0.0,100,35.5656,2.8117
13000,-338.6,0.11,0.0,100,36.2298,2.7602
13100,-456.5,0.05,0.0,100,35.4546,2.8205
13200,-10.5,0.05,0.0,100,39.9879,2.5008
13300,-638.0,0.07,0.0,100,36.7783,2.719
13400,-338.7,0.04,0.0,100,29.3781,3.4039
13500,-11.9,0.09,0.0,100,37.6577,2.6555
13600,-252.8,0.0,0.0,100,36.6134,2.7312
13700,-286.9,0.09,0.0,100,37.0867,2.6964
13800,-22.6,0.06,0.0,100,37.0293,2.7006
13900,-315.9,0.05,0.0,100,36.8112,2.7166
14000,-351.4,0.03,0.0,100,35.9635,2.7806
14100,-9.4,0.04,0.0,100,36.9483,2.7065
14200,-283.3,0.05,0.0,100,36.047,2.7742
14300,-367.6,0.04,0.0,100,35.7649,2.796
14400,-18.6,0.06,0.0,100,39.7952,2.5129
14500,-288.2,0.07,0.0,100,36.8851,2.7111
14600,-324.8,0.1,0.0,100,38.241,2.615
14700,-10.6,0.06,0.0,100,38.654,2.5871
14800,-254.4,0.08,0.0,100,34.511,2.8976
14900,-301.2,0.08,0.0,100,34.7134,2.8807
15000,-11.2,0.12,0.0,100,41.2436,2.4246
15100,-391.3,0.06,0.0,100,36.9848,2.7038
15200,-365.3,0.05,0.0,100,37.2458,2.6849
15300,-8.9,0.09,0.0,100,38.7094,2.5834
15400,-295.8,0.04,0.0,100,38.2831,2.6121
15500,-279.0,0.02,0.0,100,36.8186,2.716
15600,-12.8,0.08,0.0,100,35.7661,2.796
15700,-207.8,0.04,0.0,100,36.8213,2.7158
15800,-360.5,0.09,0.0,100,35.8068,2.7928
15900,-14.5,0.05,0.0,100,38.4878,2.5982
16000,-149.2,0.09,0.0,100,36.175,2.7643
16100,-422.3,0.09,0.0,100,36.9124,2.7091
16200,-12.6,0.06,0.0,100,36.9312,2.7077
16300,-287.6,0.06,0.0,100,35.5876,2.81
16400,-420.5,0.06,0.0,100,35.8698,2.7879
16500,-8.4,0.04,0.0,100,39.7878,2.5133
16600,-208.7,0.05,0.0,100,36.8122,2.7165
16700,-306.3,0.05,0.0,100,36.2583,2.758
16800,-9.3,0.03,0.0,100,35.6591,2.8043
16900,-186.4,0.05,0.0,100,35.5549,2.8126
17000,-266.6,0.06,0.0,100,37.0285,2.7006
17100,-7.5,0.05,0.0,100,38.575,2.5924
17200,-256.4,0.03,0.0,100,36.7988,2.7175
17300,-300.7,0.14,0.0,100,35.7756,2.7952
17400,-8.0,0.1,0.0,100,38.4743,2.5991
17500,-216.2,0.03,0.0,100,36.9783,2.7043
17600,-284.6,0.01,0.0,100,38.266,2.6133
17700,-6.0,0.0,0.0,100,37.2193,2.6868
17800,-83.0,0.03,0.0,100,37.0105,2.7019
17900,-261.0,0.04,0.0,100,34.6156,2.8889
18000,-9.8,0.08,0.0,100,38.5058,2.597
18100,-173.4,0.05,0.0,100,35.6066,2.8085
18200,-441.8,0.05,0.0,100,37.1853,2.6892
18300,-10.6,0.06,0.0,100,38.4918,2.598
18400,-199.3,0.14,0.0,100,35.5982,2.8091
18500,-301.2,0.04,0.0,100,40.1752,2.4891
18600,-40.1,0.11,0.0,100,41.1699,2.429
18700,-166.9,0.05,0.0,100,36.0401,2.7747
18800,-307.1,0.04,0.0,100,37.0199,2.7013
18900,-6.4,0.04,0.0,100,35.8874,2.7865
19000,-271.7,0.17,0.0,100,35.5977,2.8092
19100,-388.5,0.05,0.0,100,38.2492,2.6144
19200,-8.6,0.06,0.0,100,35.388,2.8258
19300,-183.6,0.03,0.0,100,36.1949,2.7628
19400,-383.3,0.09,0.0,100,35.5118,2.816
19500,-14.6,0.06,0.0,100,34.6224,2.8883
19600,-170.5,0.02,0.0,100,35.9313,2.7831
19700,-328.0,0.02,0.0,100,36.9038,2.7097
19800,-7.6,0.06,0.0,100,37.0968,2.6957
19900,-219.4,0.05,0.0,100,35.7209,2.7995
20000,-269.6,0.07,0.0,100,0.0,1.2068
20100,-5.2,0.02,0.0,100,38.2757,2.6126
20200,-136.6,0.02,0.0,100,35.6843,2.8024
20300,-268.5,0.05,0.0,100,35.7539,2.7969
20400,-11.4,0.04,0.0,100,35.9649,2.7805
20500,-149.1,0.06,0.0,100,34.4382,2.9038
20600,-287.5,0.08,0.0,100,35.7089,2.8004
20700,-11.1,0.11,0.0,100,36.6668,2.7273
20800,-290.2,0.04,0.0,100,35.8626,2.7884
20900,-304.7,0.05,0.0,100,34.8745,2.8674
21000,-12.3,0.63,0.0,100,35.1845,2.8422
21100,-165.3,0.01,0.0,100,37.0346,2.7002
21200,-265.2,0.05,0.0,100,35.7943,2.7937
21300,-10.3,0.03,0.0,100,35.9887,2.7787
21400,-210.5,0.07,0.0,100,35.3385,2.8298
21500,-237.5,0.02,0.0,100,35.9534,2.7814
21600,-8.1,0.01,0.0,100,35.6382,2.806
21700,-214.0,0.03,0.0,100,34.682,2.8833
21800,-287.4,0.07,0.0,100,36.8594,2.713
21900,-8.8,0.08,0.0,100,37.0643,2.698
22000,-252.6,0.0,0.0,100,34.4705,2.901
22100,-218.8,0.03,0.0,100,34.7959,2.8739
22200,-4.3,0.03,0.0,100,36.9582,2.7058
22300,-172.9,0.01,0.0,100,35.382,2.8263
22400,-78.5,0.02,0.0,100,35.6999,2.8011
22500,-11.1,0.01,0.0,100,35.7904,2.7941
22600,-166.6,0.0,0.0,100,32.417,3.0848
22700,-192.6,0.03,0.0,100,36.8379,2.7146
22800,-10.1,0.01,0.0,100,36.8152,2.7163
22900,-111.8,0.02,0.0,100,37.1143,2.6944
23000,-270.8,0.02,0.0,100,34.8077,2.8729
23100,-2.3,0.03,0.0,100,36.9668,2.7051
23200,-62.8,0.03,0.0,100,35.7125,2.8001
23300,-160.6,0.04,0.0,100,37.0591,2.6984
23400,-3.0,0.0,0.0,100,36.8541,2.7134
23500,-191.8,0.04,0.0,100,35.782,2.7947
23600,-155.0,0.02,0.0,100,36.868,2.7124
23700,-4.1,0.01,0.0,100,37.0942,2.6958
23800,-223.0,0.02,0.0,100,36.0491,2.774
23900,-180.9,0.01,0.0,100,36.5597,2.7353
24000,-5.2,0.02,0.0,100,37.3172,2.6797
24100,-182.0,0.02,0.0,100,34.5904,2.891
24200,-134.6,0.03,0.0,100,37.1696,2.6904
24300,-9.1,0.01,0.0,100,38.2688,2.6131
24400,-175.4,0.07,0.0,100,35.5141,2.8158
24500,-199.9,0.03,0.0,100,35.5109,2.816
24600,-3.1,0.01,0.0,100,37.4281,2.6718
24700,-258.8,0.1,0.0,100,36.7332,2.7223
24800,-211.1,0.02,0.0,100,36.0846,2.7713
24900,-10.7,0.47,0.0,100,38.084,2.6258
25000,-106.0,0.03,0.0,100,35.9219,2.7838
25100,-160.6,0.04,0.0,100,38.2194,2.6165
25200,-10.6,0.36,0.0,100,37.3806,2.6752
25300,-264.7,0.0,0.0,100,36.6401,2.7293
25400,-253.3,0.37,0.0,100,37.201,2.6881
25500,-2.3,0.03,0.0,100,38.4616,2.6
25600,-188.2,0.04,0.0,100,35.9479,2.7818
25700,-271.3,0.05,0.0,100,35.7111,2.8003
25800,-2.1,0.11,0.0,100,35.3825,2.8263
25900,-155.4,0.06,0.0,100,35.8331,2.7907
26000,-454.3,0.26,0.0,100,36.0801,2.7716
26100,-8.9,0.39,0.0,100,38.1545,2.6209
26200,-401.7,0.39,0.0,100,38.2007,2.6178
26300,-277.9,0.01,0.0,100,35.7281,2.7989
26400,-6.1,0.11,0.0,100,37.5129,2.6658
26500,-198.9,0.22,0.0,100,35.6495,2.8051
26600,-270.0,0.05,0.0,100,36.7207,2.7233
26700,-2.3,0.03,0.0,100,35.7442,2.7977
26800,-446.8,0.12,0.0,100,35.6416,2.8057
26900,-477.6,0.14,0.0,100,36.1247,2.7682
27000,-2.4,0.04,0.0,100,38.2292,2.6158
27100,-395.9,0.02,0.0,100,36.9335,2.7076
27200,-201.0,0.02,0.0,100,35.7823,2.7947
27300,-0.3,0.03,0.0,100,35.7876,2.7943
27400,-77.0,0.12,0.0,100,35.3992,2.8249
27500,-2.8,0.01,0.0,100,36.1704,2.7647
27600,0.0,0.0,0.0,100,38.2478,2.6145
27700,-36.9,0.02,0.0,100,37.2055,2.6878
27800,-170.6,0.0,0.0,100,37.9116,2.6377
27900,-1.1,0.01,0.0,100,37.0981,2.6956
28000,-66.8,0.02,0.0,100,38.4126,2.6033
28100,-3.7,0.0,0.0,100,36.1395,2.7671
28200,-5.1,0.31,0.0,100,38.3466,2.6078
28300,-7.6,0.0,0.0,100,36.8745,2.7119
28400,-93.1,0.01,0.0,100,38.5915,2.5912
28500,-2.2,0.22,0.0,100,41.4439,2.4129
28600,-147.0,0.02,0.0,100,36.187,2.7634
28700,-1.0,0.0,0.0,100,36.7533,2.7208
28800,-2.2,0.02,0.0,100,38.3942,2.6046
28900,-10.8,0.0,0.0,100,36.7655,2.7199
29000,-358.3,0.04,0.0,100,36.2303,2.7601
29100,-7.2,0.52,0.0,100,38.2128,2.6169
29200,0.0,0.0,0.0,100,35.9911,2.7785
29300,-1.7,0.01,0.0,100,36.6154,2.7311
29400,-1.0,0.0,0.0,100,37.1596,2.6911
29500,-0.2,0.01,0.0,100,34.5699,2.8927
29600,0.0,0.0,0.0,100,29.5051,3.3892
29700,-2.7,0.17,0.0,100,36.7441,2.7215
29800,0.0,0.0,0.0,100,35.6214,2.8073
29900,0.0,0.0,0.0,100,35.6285,2.8067
30000,0.0,0.0,0.0,100,0.0,1.2135
30100,0.0,0.0,0.0,100,36.8782,2.7116
30200,-39.9,0.0,0.0,100,35.899,2.7856
30300,0.0,0.0,0.0,100,37.1267,2.6935
30400,-103.8,0.0,0.0,100,35.8407,2.7901
30500,0.0,0.0,0.0,100,36.8049,2.717
30600,0.0,0.0,0.0,100,37.1494,2.6918
30700,0.0,0.0,0.0,100,35.56,2.8122
30800,-8.2,0.0,0.0,100,35.4865,2.818
30900,0.0,0.0,0.0,100,35.676,2.803
31000,-146.7,0.0,0.0,100,34.9698,2.8596
31100,-266.5,0.4,0.0,100,34.3832,2.9084
31200,0.0,0.0,0.0,100,35.8519,2.7893
31300,-104.8,0.0,0.0,100,34.3397,2.9121
31400,-9.4,0.0,0.0,100,36.8963,2.7103
31500,-0.1,0.01,0.0,100,36.7415,2.7217
31600,-93.8,0.0,0.0,100,36.2382,2.7595
31700,-9.3,0.0,0.0,100,35.4993,2.817
31800,0.0,0.0,0.0,100,36.8634,2.7127
31900,-103.9,0.01,0.0,100,36.009,2.7771
32000,-9.3,0.0,0.0,100,35.5605,2.8121
32100,0.0,0.0,0.0,100,37.0456,2.6994
32200,-103.8,0.0,0.0,100,35.7163,2.7998
32300,-99.4,0.0,0.0,100,35.9714,2.78
32400,0.0,0.0,0.0,100,38.0503,2.6281
32500,-103.7,0.0,0.0,100,34.6442,2.8865
32600,-27.3,0.0,0.0,100,36.8759,2.7118
32700,-0.1,0.01,0.0,100,36.96,2.7056
32800,-103.8,0.0,0.0,100,35.8086,2.7926
32900,-286.4,0.33,0.0,100,35.7172,2.7998
33000,0.0,0.0,0.0,100,35.8268,2.7912
33100,-103.7,0.0,0.0,100,35.6747,2.8031
33200,-10.5,0.0,0.0,100,36.7953,2.7177
33300,0.0,0.0,0.0,100,35.9979,2.7779
33400,-102.7,0.0,0.0,100,34.3945,2.9074
33500,-9.4,0.0,0.0,100,36.9668,2.7051
33600,0.0,0.0,0.0,100,37.0917,2.696
33700,-103.7,0.0,0.0,100,35.8938,2.786
33800,-10.3,0.0,0.0,100,35.3267,2.8307
33900,0.0,0.0,0.0,100,37.1068,2.6949
34000,-104.8,0.0,0.0,100,35.8229,2.7915
34100,-9.4,0.0,0.0,100,37.0731,2.6974
34200,-1.0,0.0,0.0,100,37.0582,2.6985
34300,-103.8,0.0,0.0,100,34.6062,2.8897
34400,-100.3,0.0,0.0,100,34.5238,2.8966
34500,0.0,0.0,0.0,100,35.7695,2.7957
34600,-103.9,0.01,0.0,100,36.7854,2.7185
34700,-9.4,0.0,0.0,100,35.5976,2.8092
34800,0.0,0.0,0.0,100,37.2447,2.6849
34900,-116.8,0.0,0.0,100,35.7024,2.8009
35000,-27.6,0.0,0.0,100,37.3103,2.6802
35100,-1.0,0.0,0.0,100,38.307,2.6105
35200,-103.7,0.0,0.0,100,36.8798,2.7115
35300,-99.4,0.0,0.0,100,36.9438,2.7068
35400,0.0,0.0,0.0,100,37.168,2.6905
35500,-103.8,0.0,0.0,100,35.9191,2.784
35600,-18.4,0.0,0.0,100,36.8521,2.7136
35700,0.0,0.0,0.0,100,37.1215,2.6939
35800,-63.8,0.0,0.0,100,36.6272,2.7302
35900,-10.4,0.0,0.0,100,36.2161,2.7612
36000,0.0,0.0,0.0,100,36.762,2.7202
36100,-103.8,0.0,0.0,100,35.7236,2.7993
36200,-11.4,0.0,0.0,100,37.0098,2.702
36300,0.0,0.0,0.0,100,36.9458,2.7067
36400,-104.8,0.0,0.0,100,36.8723,2.7121
36500,-9.2,0.0,0.0,100,36.1126,2.7691
36600,-1.0,0.0,0.0,100,29.1879,3.4261
36700,-76.8,0.0,0.0,100,34.8278,2.8713
36800,-9.4,0.0,0.0,100,36.8209,2.7159
36900,0.0,0.0,0.0,100,38.7259,2.5823
37000,-103.8,0.0,0.0,100,36.5043,2.7394
37100,-11.2,0.0,0.0,100,35.9671,2.7803
37200,0.0,0.0,0.0,100,34.7354,2.8789
37300,-103.7,0.0,0.0,100,36.8449,2.7141
37400,-9.4,0.0,0.0,100,37.077,2.6971
37500,0.0,0.0,0.0,100,37.0778,2.697
37600,-104.8,0.0,0.0,100,35.6589,2.8044
37700,-27.3,0.0,0.0,100,35.5304,2.8145
37800,0.0,0.0,0.0,100,36.833,2.715
37900,-103.8,0.0,0.0,100,37.0771,2.6971
38000,-27.5,0.01,0.0,100,37.3217,2.6794
38100,0.0,0.0,0.0,100,36.7835,2.7186
38200,-103.7,0.0,0.0,100,34.6587,2.8853
38300,-108.5,0.0,0.0,100,36.7813,2.7188
38400,0.0,0.0,0.0,100,37.2338,2.6857
38500,-104.8,0.0,0.0,100,37.3554,2.677
38600,-9.3,0.0,0.0,100,39.9344,2.5041
38700,0.0,0.0,0.0,100,38.2345,2.6154
38800,-178.7,0.0,0.0,100,37.2463,2.6848
38900,-236.1,0.2,0.0,100,35.5198,2.8153
39000,0.0,0.0,0.0,100,37.0176,2.7014
39100,-134.9,0.01,0.0,100,34.4573,2.9021
39200,-12.1,0.0,0.0,100,36.0192,2.7763
39300,-1.0,0.0,0.0,100,36.6671,2.7272
39400,-85.8,0.0,0.0,100,34.482,2.9001
39500,-27.3,0.0,0.0,100,37.1995,2.6882
39600,0.0,0.0,0.0,100,37.1548,2.6914
39700,-103.7,0.0,0.0,100,37.1753,2.69
39800,-18.5,0.0,0.0,100,36.6329,2.7298
39900,0.0,0.0,0.0,100,35.9968,2.778
40000,-163.8,0.0,0.0,100,0.0,1.3145
40100,-16.1,0.0,0.0,100,35.648,2.8052
40200,0.0,0.0,0.0,100,35.9401,2.7824
40300,-96.8,0.0,0.0,100,38.1052,2.6243
40400,-31.2,0.09,0.0,100,36.2236,2.7606
40500,0.0,0.0,0.0,100,39.4465,2.5351
40600,-86.8,0.0,0.0,100,37.1707,2.6903
40700,-266.4,0.27,0.0,100,37.1507,2.6917
40800,0.0,0.0,0.0,100,38.5729,2.5925
40900,-102.6,0.0,0.0,100,36.9244,2.7082
41000,-279.6,0.19,0.0,100,35.725,2.7992
41100,-2.0,0.0,0.0,100,37.0734,2.6974
41200,-102.7,0.0,0.0,100,38.3964,2.6044
41300,-9.3,0.0,0.0,100,35.8906,2.7863
41400,0.0,0.0,0.0,100,37.9852,2.6326
41500,-193.5,0.0,0.0,100,35.7904,2.7941
41600,-24.9,0.0,0.0,100,35.5911,2.8097
41700,0.0,0.0,0.0,100,36.0599,2.7732
41800,-103.8,0.0,0.0,100,34.3485,2.9113
41900,-9.1,0.0,0.0,100,36.0066,2.7773
42000,0.0,0.0,0.0,100,36.713,2.7238
42100,-98.4,0.0,0.0,100,34.6035,2.8899
42200,-3.6,0.0,0.0,100,35.5944,2.8094
42300,-1.0,0.0,0.0,100,35.8598,2.7886
42400,-24.6,0.0,0.0,100,34.2262,2.9217
42500,-8.1,0.0,0.0,100,37.0797,2.6969
42600,-1.0,0.0,0.0,100,36.1347,2.7674
42700,-165.7,0.0,0.0,100,36.5322,2.7373
42800,-1.0,0.0,0.0,100,35.9122,2.7846
42900,-0.1,0.01,0.0,100,37.3131,2.68
43000,-148.5,0.0,0.0,100,35.7485,2.7973
43100,-1.0,0.0,0.0,100,36.8509,2.7136
43200,0.0,0.0,0.0,100,37.2332,2.6858
43300,-95.4,0.0,0.0,100,34.408,2.9063
43400,0.0,0.0,0.0,100,36.8915,2.7107
43500,-0.1,0.01,0.0,100,35.7828,2.7946
43600,0.0,0.0,0.0,100,35.5161,2.8156
43700,-178.0,0.0,0.0,100,35.8938,2.786
43800,-1.0,0.0,0.0,100,38.3338,2.6087
43900,-103.5,0.0,0.0,100,34.5296,2.8961
44000,0.0,0.0,0.0,100,36.989,2.7035
44100,0.0,0.0,0.0,100,37.2198,2.6867
44200,0.0,0.0,0.0,100,35.4681,2.8194
44300,0.0,0.0,0.0,100,35.9174,2.7842
44400,-1.0,0.0,0.0,100,39.5549,2.5281
44500,-99.3,0.0,0.0,100,36.0397,2.7747
44600,0.0,0.0,0.0,100,35.6857,2.8022
44700,0.0,0.0,0.0,100,38.3858,2.6051
44800,0.0,0.0,0.0,100,37.1124,2.6945
44900,0.0,0.0,0.0,100,37.0641,2.698
45000,0.0,0.0,0.0,100,36.8756,2.7118
45100,0.0,0.0,0.0,100,34.8457,2.8698
45200,0.0,0.0,0.0,100,36.6965,2.7251
45300,0.0,0.0,0.0,100,35.5937,2.8095
45400,-107.3,0.01,0.0,100,35.5564,2.8124
45500,0.0,0.0,0.0,100,33.3545,2.9981
45600,0.0,0.0,0.0,100,37.244,2.685
45700,0.0,0.0,0.0,100,34.6975,2.8821
45800,-8.3,0.0,0.0,100,37.9806,2.6329
45900,0.0,0.0,0.0,100,38.5711,2.5926
46000,-163.1,0.09,0.0,100,32.5949,3.068
46100,-8.7,0.0,0.0,100,38.0971,2.6249
46200,0.0,0.0,0.0,100,36.017,2.7765
46300,-132.5,0.0,0.0,100,36.523,2.738
46400,-197.6,0.29,0.0,100,36.2546,2.7583
46500,-5.7,0.57,0.0,100,36.9667,2.7051
46600,-154.2,0.0,0.0,100,35.8309,2.7909
46700,-267.0,0.04,0.0,100,38.0191,2.6303
46800,0.0,0.0,0.0,100,38.4184,2.6029
46900,0.0,0.0,0.0,100,35.6418,2.8057
47000,0.0,0.0,0.0,100,36.1609,2.7654
47100,-0.1,0.01,0.0,100,37.0234,2.701
47200,0.0,0.0,0.0,100,35.4806,2.8184
47300,-1.1,0.01,0.0,100,36.98,2.7042
47400,0.0,0.0,0.0,100,38.7246,2.5823
47500,-5.9,0.0,0.0,100,36.6392,2.7293
47600,0.0,0.0,0.0,100,36.0351,2.7751
47700,0.0,0.0,0.0,100,36.7524,2.7209
47800,0.0,0.0,0.0,100,37.0058,2.7023
47900,0.0,0.0,0.0,100,35.8156,2.7921
48000,-0.1,0.01,0.0,100,38.3913,2.6048
48100,-14.3,0.0,0.0,100,37.2553,2.6842
48200,0.0,0.0,0.0,100,35.725,2.7992
48300,0.0,0.0,0.0,100,37.1398,2.6925
48400,0.0,0.0,0.0,100,35.5352,2.8141
48500,-0.1,0.01,0.0,100,38.2966,2.6112
48600,0.0,0.0,0.0,100,38.9201,2.5694
48700,0.0,0.0,0.0,100,37.1202,2.694
48800,-3.6,0.0,0.0,100,36.6641,2.7275
48900,0.0,0.0,0.0,100,37.0593,2.6984
49000,0.0,0.0,0.0,100,36.7964,2.7177
49100,0.0,0.0,0.0,100,36.0872,2.7711
49200,0.0,0.0,0.0,100,35.8336,2.7907
49300,-1.0,0.0,0.0,100,35.2813,2.8344
49400,0.0,0.0,0.0,100,35.9872,2.7788
49500,0.0,0.0,0.0,100,35.8268,2.7912
49600,0.0,0.0,0.0,100,37.9857,2.6326
49700,0.0,0.0,0.0,100,36.2305,2.7601
49800,0.0,0.0,0.0,100,35.6291,2.8067
49900,0.0,0.0,0.0,100,36.852,2.7136
50000,0.0,0.0,0.0,100,0.0,1.2275
50100,-1.0,0.0,0.0,100,37.0108,2.7019
50200,0.0,0.0,0.0,100,35.9442,2.7821
50300,0.0,0.0,0.0,100,35.5935,2.8095
50400,0.0,0.0,0.0,100,36.9566,2.7059
50500,-0.1,0.01,0.0,100,36.8279,2.7153
50600,-1.1,0.01,0.0,100,36.0161,2.7765
50700,0.0,0.0,0.0,100,38.2091,2.6172
50800,-0.2,0.01,0.0,100,34.8429,2.87
50900,0.0,0.0,0.0,100,34.0897,2.9334
51000,0.0,0.0,0.0,100,36.0775,2.7718
51100,0.0,0.0,0.0,100,36.7548,2.7207
51200,0.0,0.0,0.0,100,37.125,2.6936
51300,-1.0,0.0,0.0,100,38.4975,2.5976
51400,-1.6,0.0,0.0,100,36.7339,2.7223
51500,0.0,0.0,0.0,100,36.2329,2.7599
51600,-2.0,0.0,0.0,100,38.3131,2.6101
51700,-16.9,0.0,0.0,100,36.9681,2.705
51800,-0.1,0.01,0.0,100,35.8892,2.7864
51900,0.0,0.0,0.0,100,39.5494,2.5285
52000,0.0,0.0,0.0,100,35.8312,2.7909
52100,0.0,0.0,0.0,100,35.7044,2.8008
52200,-1.0,0.0,0.0,100,37.2795,2.6824
52300,-26.8,0.03,0.0,100,36.6424,2.7291
52400,0.0,0.0,0.0,100,36.1153,2.7689
52500,0.0,0.0,0.0,100,35.7228,2.7993
52600,-9.5,0.0,0.0,100,36.9681,2.705
52700,0.0,0.0,0.0,100,35.5512,2.8129
52800,0.0,0.0,0.0,100,36.9275,2.708
52900,-1.0,0.0,0.0,100,34.7622,2.8767
53000,0.0,0.0,0.0,100,33.3301,3.0003
53100,0.0,0.0,0.0,100,36.9456,2.7067
53200,0.0,0.0,0.0,100,36.6529,2.7283
53300,0.0,0.0,0.0,100,37.3696,2.676
53400,0.0,0.0,0.0,100,35.8623,2.7884
53500,-0.1,0.0,0.0,100,37.0229,2.701
53600,0.0,0.0,0.0,100,36.694,2.7252
53700,-0.3,0.03,0.0,100,38.8413,2.5746
53800,-1.0,0.0,0.0,100,37.1168,2.6942
53900,0.0,0.0,0.0,100,35.3668,2.8275
54000,-0.2,0.02,0.0,100,30.5422,3.2742
54100,-0.2,0.01,0.0,100,36.6071,2.7317
54200,-90.6,0.18,0.0,100,35.941,2.7823
54300,0.0,0.0,0.0,100,36.8891,2.7108
54400,-18.9,0.0,0.0,100,35.8093,2.7926
54500,-3.3,0.0,0.0,100,35.9821,2.7792
54600,0.0,0.0,0.0,100,39.5132,2.5308
54700,-21.4,0.0,0.0,100,35.7229,2.7993
54800,0.0,0.0,0.0,100,31.5765,3.1669
54900,-0.7,0.07,0.0,100,35.4552,2.8205
55000,-89.0,0.02,0.0,100,36.6306,2.73
55100,-10.0,0.0,0.0,100,36.2126,2.7615
55200,-1.7,0.17,0.0,100,38.3033,2.6107
55300,-1.1,0.0,0.0,100,38.4831,2.5985
55400,-92.2,0.03,0.0,100,37.0062,2.7023
55500,-2.0,0.1,0.0,100,38.1239,2.623
55600,0.0,0.0,0.0,100,34.5802,2.8918
55700,-1.0,0.0,0.0,100,35.8928,2.7861
55800,-0.1,0.01,0.0,100,34.7262,2.8797
55900,-47.3,0.0,0.0,100,35.759,2.7965
56000,-36.5,0.0,0.0,100,35.2694,2.8353
56100,-0.1,0.01,0.0,100,35.7922,2.7939
56200,-10.0,0.0,0.0,100,37.0272,2.7007
56300,-114.1,0.0,0.0,100,35.6858,2.8022
56400,-2.2,0.02,0.0,100,36.9247,2.7082
56500,-18.4,0.0,0.0,100,36.188,2.7633
56600,0.0,0.0,0.0,100,35.4418,2.8215
56700,-0.6,0.06,0.0,100,36.9808,2.7041
56800,-4.6,0.0,0.0,100,33.2012,3.0119
56900,-1.0,0.0,0.0,100,34.7145,2.8806
57000,-0.1,0.01,0.0,100,35.8817,2.7869
57100,-1.1,0.0,0.0,100,35.6816,2.8026
57200,-8.6,0.0,0.0,100,35.8155,2.7921
57300,-0.8,0.08,0.0,100,37.0673,2.6978
57400,-67.4,0.0,0.0,100,36.7736,2.7193
57500,-1.0,0.0,0.0,100,35.6482,2.8052
57600,0.0,0.0,0.0,100,37.1983,2.6883
57700,-63.6,0.15,0.0,100,35.7668,2.7959
57800,0.0,0.0,0.0,100,35.7019,2.801
57900,0.0,0.0,0.0,100,37.96,2.6344
58000,-7.0,0.0,0.0,100,34.9932,2.8577
58100,0.0,0.0,0.0,100,35.6166,2.8077
58200,-1.2,0.12,0.0,100,38.2677,2.6132
58300,-4.5,0.01,0.0,100,35.6976,2.8013
58400,0.0,0.0,0.0,100,35.8993,2.7856
58500,0.0,0.0,0.0,100,38.1508,2.6212
58600,-17.0,0.0,0.0,100,39.8445,2.5098
58700,0.0,0.0,0.0,100,37.0964,2.6957
58800,-1.1,0.01,0.0,100,37.2304,2.686
58900,-4.9,0.0,0.0,100,37.0162,2.7015
59000,-1.1,0.0,0.0,100,37.1423,2.6924
59100,0.0,0.0,0.0,100,37.1684,2.6905
59200,-74.3,0.0,0.0,100,36.5233,2.738
59300,0.0,0.0,0.0,100,36.2704,2.7571
59400,0.0,0.0,0.0,100,36.9179,2.7087
59500,-0.1,0.0,0.0,100,38.4178,2.603
59600,0.0,0.0,0.0,100,35.8542,2.7891
59700,-1.0,0.0,0.0,100,36.5697,2.7345
59800,0.0,0.0,0.0,100,36.9834,2.7039
59900,0.0,0.0,0.0,100,37.0612,2.6982
60000,0.0,0.0,0.0,100,0.0,1.1919
60100,-22.4,0.01,0.0,100,35.5018,2.8168
60200,-140.2,0.21,0.0,100,34.5548,2.894
60300,0.0,0.0,0.0,100,35.8484,2.7895
60400,0.0,0.0,0.0,100,34.6759,2.8839
60500,0.0,0.0,0.0,100,34.0727,2.9349
60600,0.0,0.0,0.0,100,35.9343,2.7829
60700,-6.0,0.0,0.0,100,34.6994,2.8819
60800,-47.1,0.01,0.0,100,35.7842,2.7945
60900,0.0,0.0,0.0,100,36.9994,2.7027
61000,-1.0,0.0,0.0,100,35.6279,2.8068
61100,-3.3,0.0,0.0,100,35.4446,2.8213
61200,0.0,0.0,0.0,100,37.1715,2.6902
61300,-3.5,0.0,0.0,100,37.0719,2.6975
61400,-162.7,0.0,0.0,100,35.8137,2.7922
61500,0.0,0.0,0.0,100,38.3321,2.6088
61600,-4.7,0.0,0.0,100,35.9473,2.7819
61700,0.0,0.0,0.0,100,35.6527,2.8048
61800,-1.0,0.0,0.0,100,38.0656,2.627
61900,0.0,0.0,0.0,100,36.1362,2.7673
62000,-58.9,0.01,0.0,100,38.0074,2.6311
62100,0.0,0.0,0.0,100,37.1122,2.6945
62200,-10.1,0.0,0.0,100,36.0154,2.7766
62300,-6.7,0.0,0.0,100,36.5454,2.7363
62400,0.0,0.0,0.0,100,37.549,2.6632
62500,-9.9,0.0,0.0,100,36.8551,2.7133
62600,0.0,0.0,0.0,100,36.7726,2.7194
62700,-1.0,0.0,0.0,100,35.7368,2.7982
62800,-5.4,0.0,0.0,100,33.5763,2.9783
62900,0.0,0.0,0.0,100,35.341,2.8296
63000,-1.0,0.0,0.0,100,37.2872,2.6819
63100,-0.1,0.0,0.0,100,36.8864,2.711
63200,-1.0,0.0,0.0,100,35.6033,2.8087
63300,-0.1,0.01,0.0,100,36.169,2.7648
63400,-19.3,0.0,0.0,100,36.6221,2.7306
63500,-114.2,0.14,0.0,100,36.0573,2.7734
63600,0.0,0.0,0.0,100,35.8114,2.7924
63700,0.0,0.0,0.0,100,34.4928,2.8992
63800,-0.1,0.01,0.0,100,35.5499,2.813
63900,0.0,0.0,0.0,100,35.8953,2.7859
64000,-50.6,0.0,0.0,100,34.4367,2.9039
64100,-202.7,0.01,0.0,100,35.726,2.7991
64200,-1.0,0.0,0.0,100,38.4722,2.5993
64300,-27.1,0.0,0.0,100,35.7419,2.7978
64400,-16.6,0.0,0.0,100,37.9436,2.6355
64500,0.0,0.0,0.0,100,35.9947,2.7782
64600,-8.7,0.01,0.0,100,35.9062,2.785
64700,0.0,0.0,0.0,100,35.2068,2.8404
64800,0.0,0.0,0.0,100,37.3471,2.6776
64900,-0.1,0.0,0.0,100,36.6674,2.7272
65000,0.0,0.0,0.0,100,35.9711,2.78
65100,-1.0,0.0,0.0,100,37.3331,2.6786
65200,-0.1,0.01,0.0,100,35.6863,2.8022
65300,0.0,0.0,0.0,100,35.7873,2.7943
65400,0.0,0.0,0.0,100,36.5206,2.7382
65500,-15.1,0.0,0.0,100,35.9433,2.7822
65600,-1.0,0.0,0.0,100,34.7609,2.8768
65700,0.0,0.0,0.0,100,38.0043,2.6313
65800,-3.1,0.0,0.0,100,35.9679,2.7803
65900,0.0,0.0,0.0,100,35.4544,2.8205
66000,0.0,0.0,0.0,100,36.9831,2.7039
66100,0.0,0.0,0.0,100,34.6357,2.8872
66200,-0.1,0.01,0.0,100,35.6243,2.8071
66300,-1.0,0.0,0.0,100,35.8736,2.7876
66400,0.0,0.0,0.0,100,35.9348,2.7828
66500,-1.6,0.0,0.0,100,36.4894,2.7405
66600,0.0,0.0,0.0,100,36.2002,2.7624
66700,0.0,0.0,0.0,100,36.562,2.7351
66800,-0.1,0.01,0.0,100,34.5532,2.8941
66900,0.0,0.0,0.0,100,37.1159,2.6943
67000,-9.8,0.0,0.0,100,35.9422,2.7822
67100,0.0,0.0,0.0,100,36.9843,2.7039
67200,-0.1,0.01,0.0,100,35.8254,2.7913
67300,0.0,0.0,0.0,100,35.6234,2.8072
67400,0.0,0.0,0.0,100,34.3842,2.9083
67500,-0.1,0.01,0.0,100,35.7064,2.8006
67600,-0.1,0.0,0.0,100,38.1471,2.6214
67700,-1.0,0.0,0.0,100,37.1688,2.6904
67800,-0.1,0.01,0.0,100,37.4684,2.6689
67900,-11.1,0.0,0.0,100,36.5481,2.7361
68000,0.0,0.0,0.0,100,37.1873,2.6891
68100,-0.1,0.01,0.0,100,37.3665,2.6762
68200,0.0,0.0,0.0,100,36.9613,2.7055
68300,-69.9,0.09,0.0,100,36.563,2.735
68400,-0.1,0.01,0.0,100,37.5247,2.6649
68500,-14.0,0.0,0.0,100,39.455,2.5345
68600,-104.8,0.13,0.0,100,40.6087,2.4625
68700,-8.4,0.84,0.0,100,37.8925,2.639
68800,-0.1,0.0,0.0,100,38.7231,2.5824
68900,-54.3,0.04,0.0,100,38.341,2.6082
69000,0.0,0.0,0.0,100,35.7824,2.7947
69100,-0.1,0.0,0.0,100,37.0882,2.6963
69200,-7.0,0.01,0.0,100,37.0073,2.7022
69300,-3.1,0.31,0.0,100,37.3421,2.6779
69400,-32.3,0.0,0.0,100,36.6217,2.7306
69500,-0.2,0.02,0.0,100,37.1132,2.6945
69600,0.0,0.0,0.0,100,35.717,2.7998
69700,-3.7,0.0,0.0,100,36.9766,2.7044
69800,-0.1,0.01,0.0,100,35.8612,2.7885
69900,-1.0,0.0,0.0,100,38.169,2.6199
70000,0.0,0.0,0.0,100,0.0,1.2009
70100,-1.1,0.04,0.0,100,35.7153,2.7999
70200,-2.0,0.1,0.0,100,37.1328,2.693
70300,0.0,0.0,0.0,100,36.9603,2.7056
70400,-0.2,0.02,0.0,100,35.6681,2.8036
70500,0.0,0.0,0.0,100,37.1131,2.6945
70600,-47.0,0.0,0.0,100,33.5505,2.9806
70700,-0.1,0.01,0.0,100,35.8056,2.7929
70800,-1.9,0.19,0.0,100,37.0562,2.6986
70900,-8.8,0.0,0.0,100,35.6981,2.8013
71000,0.0,0.0,0.0,100,36.9405,2.7071
71100,-5.5,0.55,0.0,100,35.8039,2.793
71200,0.0,0.0,0.0,100,36.719,2.7234
71300,-102.1,0.04,0.0,100,35.9279,2.7834
71400,-4.6,0.46,0.0,100,38.4991,2.5975
71500,-0.1,0.0,0.0,100,35.6908,2.8018
71600,-0.1,0.01,0.0,100,36.9587,2.7057
71700,-5.6,0.56,0.0,100,38.1824,2.619
71800,-10.3,0.0,0.0,100,34.8138,2.8724
71900,-2.0,0.0,0.0,100,36.8736,2.712
72000,0.0,0.0,0.0,100,37.0727,2.6974
72100,0.0,0.0,0.0,100,36.7537,2.7208
72200,-219.2,0.14,0.0,100,35.8455,2.7898
72300,0.0,0.0,0.0,100,38.3777,2.6057
72400,-8.0,0.0,0.0,100,37.0615,2.6982
72500,0.0,0.0,0.0,100,36.9226,2.7084
72600,0.0,0.0,0.0,100,36.1522,2.7661
72700,-0.1,0.0,0.0,100,36.9435,2.7068
72800,-8.2,0.0,0.0,100,35.6793,2.8028
72900,-0.1,0.01,0.0,100,38.1935,2.6183
73000,-19.7,0.0,0.0,100,34.7521,2.8775
73100,0.0,0.0,0.0,100,36.9137,2.709
73200,-0.3,0.03,0.0,100,38.6645,2.5864
73300,-1.1,0.0,0.0,100,36.6317,2.7299
73400,0.0,0.0,0.0,100,37.3242,2.6792
73500,0.0,0.0,0.0,100,38.0925,2.6252
73600,0.0,0.0,0.0,100,37.146,2.6921
73700,0.0,0.0,0.0,100,35.5874,2.81
73800,-0.1,0.01,0.0,100,37.3359,2.6784
73900,-7.9,0.0,0.0,100,36.8199,2.7159
74000,0.0,0.0,0.0,100,37.1306,2.6932
74100,0.0,0.0,0.0,100,36.0161,2.7765
74200,-10.0,0.0,0.0,100,37.0661,2.6979
74300,-6.2,0.0,0.0,100,36.7336,2.7223
74400,-0.1,0.01,0.0,100,37.3419,2.678
74500,-11.9,0.0,0.0,100,38.1922,2.6183
74600,0.0,0.0,0.0,100,36.9267,2.7081
74700,0.0,0.0,0.0,100,38.4766,2.599
74800,-0.1,0.0,0.0,100,35.7577,2.7966
74900,-2.0,0.0,0.0,100,38.5245,2.5958
75000,-0.1,0.01,0.0,100,38.445,2.6011
75100,-13.1,0.0,0.0,100,36.9011,2.7099
75200,-0.2,0.02,0.0,100,37.1994,2.6882
75300,-1.1,0.01,0.0,100,38.1732,2.6196
75400,-40.9,0.0,0.0,100,35.9703,2.7801
75500,-0.1,0.0,0.0,100,36.9559,2.7059
75600,0.0,0.0,0.0,100,35.6683,2.8036
75700,0.0,0.0,0.0,100,35.8099,2.7925
75800,0.0,0.0,0.0,100,35.9132,2.7845
75900,-2.4,0.14,0.0,100,36.8999,2.71
76000,0.0,0.0,0.0,100,35.9817,2.7792
76100,0.0,0.0,0.0,100,37.8563,2.6416
76200,-0.1,0.01,0.0,100,37.2141,2.6872
76300,-0.1,0.0,0.0,100,35.7178,2.7997
76400,-1.1,0.0,0.0,100,35.5666,2.8116
76500,-1.2,0.02,0.0,100,36.0971,2.7703
76600,-16.8,0.01,0.0,100,35.5898,2.8098
76700,-0.1,0.01,0.0,100,35.8902,2.7863
76800,-0.1,0.01,0.0,100,35.4093,2.8241
76900,0.0,0.0,0.0,100,38.3805,2.6055
77000,-1.0,0.0,0.0,100,35.7537,2.7969
77100,0.0,0.0,0.0,100,36.0723,2.7722
77200,-26.6,0.01,0.0,100,35.6226,2.8072
77300,-3.8,0.05,0.0,100,36.9181,2.7087
77400,-0.1,0.01,0.0,100,38.3977,2.6043
77500,0.0,0.0,0.0,100,35.7776,2.795
77600,-0.1,0.01,0.0,100,37.3058,2.6806
77700,0.0,0.0,0.0,100,38.1932,2.6183
77800,0.0,0.0,0.0,100,35.7491,2.7973
77900,-0.1,0.01,0.0,100,35.6447,2.8055
78000,0.0,0.0,0.0,100,38.3617,2.6068
78100,0.0,0.0,0.0,100,35.9096,2.7848
78200,-1.0,0.0,0.0,100,35.5143,2.8158
78300,0.0,0.0,0.0,100,38.4543,2.6005
78400,0.0,0.0,0.0,100,38.3257,2.6092
78500,-5.7,0.0,0.0,100,34.5046,2.8982
78600,0.0,0.0,0.0,100,34.7232,2.8799
78700,0.0,0.0,0.0,100,36.9034,2.7098
78800,0.0,0.0,0.0,100,36.0132,2.7768
78900,0.0,0.0,0.0,100,36.6031,2.732
79000,0.0,0.0,0.0,100,34.8145,2.8724
79100,-2.1,0.0,0.0,100,38.2106,2.6171
79200,0.0,0.0,0.0,100,36.9164,2.7088
79300,0.0,0.0,0.0,100,36.9341,2.7075
79400,-68.9,0.0,0.0,100,34.8605,2.8686
79500,0.0,0.0,0.0,100,37.1873,2.6891
79600,-34.5,0.0,0.0,100,34.4017,2.9068
79700,-15.9,0.0,0.0,100,37.9867,2.6325
79800,0.0,0.0,0.0,100,38.7492,2.5807
79900,-15.1,0.01,0.0,100,37.1093,2.6947
80000,-53.3,0.0,0.0,100,0.0,1.1934
80100,-2.0,0.0,0.0,100,37.0182,2.7014
80200,0.0,0.0,0.0,100,36.5667,2.7347
80300,-0.1,0.01,0.0,100,37.4521,2.6701
80400,-0.1,0.01,0.0,100,36.5115,2.7389
80500,-0.2,0.02,0.0,100,34.6268,2.8879
80600,-6.4,0.05,0.0,100,36.0844,2.7713
80700,0.0,0.0,0.0,100,36.8617,2.7128
80800,-0.2,0.01,0.0,100,35.89,2.7863
80900,-1.4,0.01,0.0,100,35.6111,2.8081
81000,-2.0,0.0,0.0,100,37.0249,2.7009
81100,0.0,0.0,0.0,100,35.8615,2.7885
81200,-1.0,0.0,0.0,100,36.4642,2.7424
81300,0.0,0.0,0.0,100,33.6078,2.9755
81400,-13.5,0.03,0.0,100,35.9531,2.7814
81500,-0.2,0.01,0.0,100,35.3121,2.8319
81600,0.0,0.0,0.0,100,36.9768,2.7044
81700,-31.2,0.0,0.0,100,36.1754,2.7643
81800,-0.1,0.01,0.0,100,36.494,2.7402
81900,0.0,0.0,0.0,100,38.4581,2.6002
82000,-1.1,0.0,0.0,100,37.0127,2.7018
82100,-4.0,0.04,0.0,100,35.8882,2.7864
82200,-1.6,0.16,0.0,100,34.69,2.8827
82300,-3.7,0.0,0.0,100,34.4005,2.9069
82400,-17.4,0.05,0.0,100,35.5791,2.8106
82500,-3.7,0.37,0.0,100,37.3813,2.6751
82600,-0.3,0.02,0.0,100,37.9784,2.6331
82700,-106.9,0.07,0.0,100,37.1448,2.6922
82800,-2.8,0.28,0.0,100,38.2788,2.6124
82900,-0.1,0.01,0.0,100,37.1018,2.6953
83000,-0.1,0.01,0.0,100,35.7858,2.7944
83100,0.0,0.0,0.0,100,34.7776,2.8754
83200,-91.6,0.02,0.0,100,35.7806,2.7948
83300,0.0,0.0,0.0,100,37.9493,2.6351
83400,0.0,0.0,0.0,100,37.2745,2.6828
83500,-0.1,0.0,0.0,100,35.7208,2.7995
83600,-0.2,0.02,0.0,100,35.951,2.7816
83700,-1.5,0.15,0.0,100,36.963,2.7054
83800,0.0,0.0,0.0,100,35.7401,2.798
83900,-96.7,0.0,0.0,100,36.6812,2.7262
84000,0.0,0.0,0.0,100,34.7437,2.8782
84100,-0.2,0.01,0.0,100,35.7257,2.7991
84200,-170.6,0.1,0.0,100,34.5162,2.8972
84300,0.0,0.0,0.0,100,36.5255,2.7378
84400,0.0,0.0,0.0,100,34.7517,2.8776
84500,0.0,0.0,0.0,100,34.5773,2.8921
84600,-2.0,0.0,0.0,100,38.2452,2.6147
84700,-0.4,0.01,0.0,100,37.243,2.6851
84800,-8.4,0.03,0.0,100,36.7078,2.7242
84900,0.0,0.0,0.0,100,36.1543,2.7659
85000,0.0,0.0,0.0,100,36.741,2.7218
85100,0.0,0.0,0.0,100,35.9193,2.784
85200,0.0,0.0,0.0,100,37.9198,2.6371
85300,-1.0,0.0,0.0,100,36.1013,2.77
85400,-0.4,0.04,0.0,100,35.7053,2.8007
85500,-0.1,0.01,0.0,100,38.0475,2.6283
85600,-0.1,0.0,0.0,100,35.6656,2.8038
85700,-147.7,0.11,0.0,100,37.2229,2.6865
85800,0.0,0.0,0.0,100,35.8973,2.7857
85900,0.0,0.0,0.0,100,35.9465,2.7819
86000,-321.4,0.14,0.0,100,36.6983,2.7249
86100,-1.0,0.0,0.0,100,37.0965,2.6957
86200,-0.6,0.0,0.0,100,37.0254,2.7009
86300,0.0,0.0,0.0,100,35.5436,2.8135
86400,0.0,0.0,0.0,100,36.0704,2.7724
86500,-0.1,0.0,0.0,100,35.7499,2.7972
86600,-206.5,0.0,0.0,100,36.9469,2.7066
86700,0.0,0.0,0.0,100,36.5494,2.736
86800,-25.8,0.0,0.0,100,38.6466,2.5876
86900,-0.3,0.03,0.0,100,34.6628,2.8849
87000,0.0,0.0,0.0,100,36.6973,2.725
87100,0.0,0.0,0.0,100,36.9831,2.7039
87200,-0.1,0.01,0.0,100,37.1538,2.6915
87300,0.0,0.0,0.0,100,37.305,2.6806
87400,-1.1,0.0,0.0,100,36.797,2.7176
87500,-7.7,0.0,0.0,100,34.736,2.8789
87600,0.0,0.0,0.0,100,38.1248,2.623
87700,0.0,0.0,0.0,100,37.4031,2.6736
87800,-0.1,0.01,0.0,100,35.4319,2.8223
87900,-1.0,0.0,0.0,100,38.6639,2.5864
88000,-1.0,0.0,0.0,100,35.741,2.7979
88100,-1.6,0.05,0.0,100,38.3481,2.6077
88200,0.0,0.0,0.0,100,35.9643,2.7805
88300,-3.4,0.0,0.0,100,35.5871,2.81
88400,-8.4,0.0,0.0,100,38.0909,2.6253
88500,0.0,0.0,0.0,100,37.1704,2.6903
88600,-1.2,0.01,0.0,100,34.5603,2.8935
88700,-9.6,0.0,0.0,100,35.8124,2.7923
88800,-1.0,0.0,0.0,100,41.7237,2.3967
88900,0.0,0.0,0.0,100,38.0634,2.6272
89000,-3.7,0.02,0.0,100,37.1684,2.6905
89100,0.0,0.0,0.0,100,35.7575,2.7966
89200,-38.6,0.0,0.0,100,36.8867,2.711
89300,-0.4,0.03,0.0,100,35.6931,2.8017
89400,0.0,0.0,0.0,100,36.3189,2.7534
89500,-5.0,0.01,0.0,100,36.9481,2.7065
89600,-1.0,0.0,0.0,100,35.5031,2.8167
89700,0.0,0.0,0.0,100,34.7033,2.8816
89800,-0.2,0.01,0.0,100,35.7778,2.795
89900,-6.5,0.0,0.0,100,36.9893,2.7035
90000,0.0,0.0,0.0,100,0.0,1.2197
90100,0.0,0.0,0.0,100,34.5604,2.8935
90200,-4.5,0.01,0.0,100,35.6427,2.8056
90300,0.0,0.0,0.0,100,37.2604,2.6838
90400,-7.1,0.0,0.0,100,35.6673,2.8037
90500,-1.0,0.0,0.0,100,37.288,2.6818
90600,0.0,0.0,0.0,100,34.4608,2.9019
90700,0.0,0.0,0.0,100,35.3004,2.8328
90800,-0.1,0.01,0.0,100,34.8464,2.8697
90900,0.0,0.0,0.0,100,36.6711,2.727
91000,-0.1,0.0,0.0,100,34.8,2.8736
91100,-1.0,0.0,0.0,100,36.6131,2.7313
91200,0.0,0.0,0.0,100,35.976,2.7796
91300,-1.5,0.0,0.0,100,35.82,2.7917
91400,-17.0,0.02,0.0,100,38.042,2.6287
91500,0.0,0.0,0.0,100,37.1384,2.6926
91600,-1.2,0.01,0.0,100,35.8503,2.7894
91700,-30.5,0.01,0.0,100,35.8736,2.7876
91800,0.0,0.0,0.0,100,35.3078,2.8322
91900,0.0,0.0,0.0,100,34.8843,2.8666
92000,0.0,0.0,0.0,100,35.4162,2.8236
92100,0.0,0.0,0.0,100,35.5187,2.8154
92200,0.0,0.0,0.0,100,34.7335,2.8791
92300,-6.3,0.01,0.0,100,37.2566,2.6841
92400,0.0,0.0,0.0,100,36.7318,2.7224
92500,0.0,0.0,0.0,100,35.775,2.7953
92600,-4.9,0.0,0.0,100,35.8954,2.7859
92700,0.0,0.0,0.0,100,35.2775,2.8347
92800,-1.5,0.01,0.0,100,34.6286,2.8878
92900,-8.8,0.0,0.0,100,34.8125,2.8725
93000,-1.0,0.0,0.0,100,38.0312,2.6294
93100,-1.1,0.0,0.0,100,34.8205,2.8719
93200,-220.4,0.1,0.0,100,35.609,2.8083
93300,-0.1,0.01,0.0,100,36.8261,2.7155
93400,-3.8,0.0,0.0,100,35.6459,2.8054
93500,0.0,0.0,0.0,100,34.6445,2.8865
93600,0.0,0.0,0.0,100,34.5201,2.8969
93700,-34.3,0.03,0.0,100,34.5571,2.8938
93800,-0.1,0.01,0.0,100,35.7367,2.7983
93900,0.0,0.0,0.0,100,38.1271,2.6228
94000,-3.8,0.01,0.0,100,33.6781,2.9693
94100,-1.3,0.0,0.0,100,36.6595,2.7278
94200,0.0,0.0,0.0,100,37.3359,2.6784
94300,-7.4,0.0,0.0,100,36.8518,2.7136
94400,-7.1,0.01,0.0,100,36.0106,2.777
94500,-1.0,0.0,0.0,100,36.9497,2.7064
94600,-1.1,0.0,0.0,100,38.2503,2.6144
94700,-1.4,0.0,0.0,100,35.7543,2.7969
94800,-0.1,0.01,0.0,100,36.9502,2.7063
94900,0.0,0.0,0.0,100,35.8367,2.7904
95000,-290.2,0.08,0.0,100,36.7748,2.7193
95100,0.0,0.0,0.0,100,35.671,2.8034
95200,-4.1,0.0,0.0,100,34.794,2.8741
95300,-177.6,0.02,0.0,100,34.4189,2.9054
95400,0.0,0.0,0.0,100,35.4837,2.8182
95500,0.0,0.0,0.0,100,34.822,2.8718
95600,-1.0,0.0,0.0,100,36.5395,2.7368
95700,0.0,0.0,0.0,100,37.5088,2.666
95800,0.0,0.0,0.0,100,35.8314,2.7909
95900,-152.2,0.15,0.0,100,36.9118,2.7092
96000,-0.1,0.01,0.0,100,37.0118,2.7018
96100,-0.1,0.0,0.0,100,35.7895,2.7941
96200,0.0,0.0,0.0,100,37.8144,2.6445
96300,0.0,0.0,0.0,100,34.6529,2.8858
96400,-0.1,0.01,0.0,100,35.9463,2.7819
96500,-180.0,0.03,0.0,100,35.5085,2.8162
96600,-1.0,0.0,0.0,100,38.3597,2.6069
96700,-52.1,0.0,0.0,100,34.8849,2.8666
96800,-0.1,0.01,0.0,100,35.3549,2.8285
96900,0.0,0.0,0.0,100,37.1135,2.6944
97000,-4.6,0.0,0.0,100,35.5434,2.8135
97100,-68.0,0.0,0.0,100,35.9894,2.7786
97200,-1.0,0.0,0.0,100,37.2799,2.6824
97300,-1.0,0.0,0.0,100,36.4719,2.7418
97400,-0.1,0.01,0.0,100,35.995,2.7782
97500,-0.1,0.01,0.0,100,38.5932,2.5911
97600,-0.7,0.0,0.0,100,34.3956,2.9074
97700,-122.5,0.01,0.0,100,34.7309,2.8793
97800,-1.0,0.0,0.0,100,36.5066,2.7392
97900,-4.0,0.0,0.0,100,33.7313,2.9646
98000,-1.0,0.0,0.0,100,36.5483,2.7361
98100,-1.2,0.02,0.0,100,37.1262,2.6935
98200,-0.1,0.01,0.0,100,35.646,2.8054
98300,-0.2,0.02,0.0,100,35.8361,2.7905
98400,0.0,0.0,0.0,100,38.2686,2.6131
98500,0.0,0.0,0.0,100,35.8374,2.7904
98600,-54.4,0.0,0.0,100,36.9091,2.7094
98700,-1.3,0.03,0.0,100,37.2191,2.6868
98800,0.0,0.0,0.0,100,38.3377,2.6084
98900,-0.1,0.01,0.0,100,37.1248,2.6936
99000,-0.1,0.01,0.0,100,38.5854,2.5917
99100,0.0,0.0,0.0,100,37.0951,2.6958
99200,0.0,0.0,0.0,100,35.9599,2.7809
99300,-1.7,0.17,0.0,100,36.86,2.713
99400,-5.1,0.0,0.0,100,35.8706,2.7878
99500,0.0,0.0,0.0,100,36.5317,2.7374
99600,-2.8,0.18,0.0,100,35.7705,2.7956
99700,-0.1,0.0,0.0,100,36.0893,2.7709
99800,0.0,0.0,0.0,100,36.9771,2.7044
99900,-3.1,0.21,0.0,100,38.2563,2.614
