env_steps,critic_loss,q1
1000,0.6433,-1.5654
1100,0.6531,-2.8758
1200,0.6593,-3.1114
1300,0.6809,-3.3066
1400,0.7013,-3.5336
1500,0.6835,-3.7407
1600,0.6939,-3.9419
1700,0.7558,-4.1031
1800,0.7346,-4.3256
1900,0.7841,-4.4502
2000,0.7617,-4.6605
2100,0.8448,-4.8111
2200,0.799,-5.0011
2300,0.8324,-5.1314
2400,0.8338,-5.307
2500,0.8967,-5.4677
2600,0.8068,-5.6424
2700,0.904,-5.7927
2800,0.9132,-5.8964
2900,0.9162,-6.0667
3000,0.9094,-6.2038
3100,0.9488,-6.3214
3200,0.9162,-6.462
3300,0.9858,-6.5866
3400,0.9677,-6.7266
3500,0.9581,-6.8369
3600,0.8928,-6.9791
3700,1.0383,-7.099
3800,1.0513,-7.1656
3900,0.9661,-7.3299
4000,0.9942,-7.4398
4100,1.0578,-7.5399
4200,1.0917,-7.6502
4300,1.021,-7.7524
4400,0.9639,-7.8574
4500,1.1833,-7.8915
4600,1.0666,-8.0212
4700,1.2615,-8.0715
4800,1.1647,-8.1667
4900,1.1063,-8.2503
5000,1.2068,-8.3234
5100,1.2297,-8.4214
5200,1.2025,-8.5075
5300,1.116,-8.5734
5400,1.2207,-8.6517
5500,1.209,-8.7052
5600,1.1327,-8.8006
5700,1.313,-8.8241
5800,1.3144,-8.8677
5900,1.349,-8.949
6000,1.1826,-9.0396
6100,1.2648,-9.0994
6200,1.3588,-9.1413
6300,1.2322,-9.2049
6400,1.3478,-9.2555
6500,1.2597,-9.3055
6600,1.1983,-9.3975
6700,1.313,-9.4077
6800,1.2615,-9.4709
6900,1.2515,-9.5469
7000,1.4198,-9.572
7100,1.2614,-9.6334
7200,1.5741,-9.642
7300,1.6518,-9.6728
7400,1.3975,-9.7252
7500,1.3621,-9.7779
7600,1.4866,-9.7823
7700,1.4804,-9.8434
7800,1.32,-9.8856
7900,1.4474,-9.9196
8000,1.4602,-9.9497
8100,1.3569,-10.0058
8200,1.4452,-10.0456
8300,1.5074,-10.0724
8400,1.4429,-10.1039
8500,1.4423,-10.1272
8600,1.5728,-10.1496
8700,1.6772,-10.1521
8800,1.6563,-10.1913
8900,1.5687,-10.1956
9000,1.5299,-10.2279
9100,1.6281,-10.239
9200,1.5294,-10.2748
9300,1.3766,-10.3386
9400,1.5241,-10.3494
9500,1.575,-10.3772
9600,1.7219,-10.3676
9700,1.268,-10.4279
9800,1.3521,-10.4525
9900,1.4925,-10.4697
10000,1.6006,-10.4626
10100,1.441,-10.4989
10200,1.5746,-10.5309
10300,1.5495,-10.533
10400,1.5217,-10.5646
10500,1.7368,-10.5521
10600,1.5895,-10.5821
10700,1.581,-10.5918
10800,1.5596,-10.6006
10900,1.5081,-10.6468
11000,1.4791,-10.6579
11100,1.8291,-10.6233
11200,1.6932,-10.65
11300,1.6376,-10.6636
11400,1.6927,-10.6708
11500,1.548,-10.6996
11600,1.4792,-10.7304
11700,1.4724,-10.7569
11800,1.5845,-10.7571
11900,1.8077,-10.7416
12000,1.6688,-10.7684
12100,1.6295,-10.7807
12200,1.6002,-10.8046
12300,1.6775,-10.8096
12400,1.6103,-10.8231
12500,1.568,-10.8288
12600,1.6866,-10.8463
12700,1.5772,-10.8665
12800,1.5064,-10.8822
12900,1.8444,-10.8582
13000,1.7547,-10.883
13100,1.8716,-10.8537
13200,1.5626,-10.8992
13300,1.6347,-10.9257
13400,1.5395,-10.928
13500,1.7533,-10.9265
13600,1.6529,-10.94
13700,1.9813,-10.8866
13800,1.7031,-10.9116
13900,1.7215,-10.9273
14000,1.5109,-10.9366
14100,1.6748,-10.9277
14200,1.6365,-10.9262
14300,1.8224,-10.9201
14400,1.5032,-10.9628
14500,1.5719,-10.9785
14600,1.5232,-10.9868
14700,1.5501,-10.9885
14800,1.8444,-10.9686
14900,1.8197,-10.9708
15000,1.4493,-11.0078
15100,1.7513,-10.9864
15200,1.7994,-10.9986
15300,1.7226,-10.9639
15400,1.743,-10.9803
15500,1.5287,-11.0119
15600,1.679,-11.0182
15700,1.6446,-11.0242
15800,1.7595,-10.998
15900,1.6184,-11.0382
16000,1.5307,-11.0289
16100,1.6932,-11.0302
16200,1.9134,-11.0016
16300,1.5657,-11.0345
16400,1.6082,-11.0345
16500,1.36,-11.0894
16600,1.5733,-11.0662
16700,1.6761,-11.0459
16800,1.8353,-11.0599
16900,1.5921,-11.096
17000,1.5316,-11.1038
17100,1.6227,-11.1072
17200,1.5567,-11.1081
17300,1.7781,-11.0754
17400,1.6198,-11.1233
17500,1.8019,-11.1046
17600,1.6641,-11.1126
17700,1.6987,-11.0992
17800,1.5819,-11.1362
17900,1.827,-11.1134
18000,1.6491,-11.1203
18100,1.6461,-11.1262
18200,1.6897,-11.1339
18300,1.5173,-11.1506
18400,1.8679,-11.1165
18500,1.4977,-11.1482
18600,2.0246,-11.1086
18700,1.9386,-11.0834
18800,1.842,-11.09
18900,1.7608,-11.1066
19000,1.6695,-11.0969
19100,1.5927,-11.1113
19200,1.7379,-11.111
19300,2.0322,-11.0634
19400,1.552,-11.107
19500,1.632,-11.1251
19600,2.0199,-11.052
19700,1.7536,-11.0697
19800,1.745,-11.1157
19900,1.7732,-11.0604
20000,1.9317,-11.0933
20100,1.5852,-11.0784
20200,1.64,-11.1071
20300,1.7804,-11.0811
20400,1.6038,-11.1129
20500,1.6896,-11.1075
20600,2.0012,-11.103
20700,1.506,-11.1133
20800,1.481,-11.1461
20900,1.4286,-11.1529
21000,1.7727,-11.1355
21100,1.5598,-11.1557
21200,1.6632,-11.1673
21300,1.6337,-11.1564
21400,1.7831,-11.1518
21500,1.7614,-11.1513
21600,1.6557,-11.1771
21700,1.8176,-11.1465
21800,1.6804,-11.1524
21900,1.8317,-11.146
22000,1.5865,-11.1921
22100,1.6048,-11.2001
22200,1.5204,-11.2227
22300,1.7178,-11.2092
22400,1.7507,-11.2069
22500,1.8541,-11.2396
22600,1.5901,-11.2494
22700,1.9738,-11.2063
22800,1.9697,-11.1831
22900,1.8401,-11.1823
23000,1.7245,-11.1987
23100,1.674,-11.2134
23200,1.6365,-11.2126
23300,1.6744,-11.2125
23400,1.7183,-11.198
23500,1.6745,-11.2276
23600,1.8972,-11.207
23700,1.8527,-11.2253
23800,1.6332,-11.2249
23900,1.6129,-11.2376
24000,1.794,-11.2029
24100,1.8302,-11.2009
24200,1.4661,-11.2467
24300,2.0057,-11.2181
24400,1.898,-11.2139
24500,1.7912,-11.2293
24600,1.8105,-11.2355
24700,1.733,-11.2419
24800,1.8396,-11.2369
24900,1.7509,-11.2663
25000,1.8973,-11.2378
25100,1.7006,-11.2523
25200,1.818,-11.2403
25300,1.5766,-11.2793
25400,1.8092,-11.2586
25500,1.7471,-11.2822
25600,1.5939,-11.2959
25700,2.013,-11.252
25800,1.6239,-11.3062
25900,2.043,-11.2519
26000,1.7176,-11.2849
26100,1.6999,-11.2921
26200,1.6923,-11.2989
26300,1.8465,-11.2606
26400,1.8729,-11.2662
26500,1.8045,-11.2848
26600,1.8764,-11.2952
26700,1.5602,-11.3225
26800,1.9549,-11.2681
26900,2.1072,-11.2575
27000,2.0158,-11.2386
27100,2.0925,-11.239
27200,1.6871,-11.2413
27300,1.7989,-11.2645
27400,1.8079,-11.2763
27500,1.8058,-11.2489
27600,1.5757,-11.2992
27700,1.6537,-11.2832
27800,1.6188,-11.3208
27900,1.7478,-11.3142
28000,1.8455,-11.3043
28100,1.4798,-11.3325
28200,1.7272,-11.3334
28300,1.6859,-11.3117
28400,1.9082,-11.2945
28500,1.5837,-11.3609
28600,1.6537,-11.3396
28700,1.7828,-11.3101
28800,1.7394,-11.3307
28900,1.7123,-11.3239
29000,1.7629,-11.3188
29100,1.713,-11.3145
29200,1.6797,-11.3383
29300,1.522,-11.3559
29400,1.7819,-11.3431
29500,1.6591,-11.3517
29600,1.8021,-11.3461
29700,1.7885,-11.3512
29800,1.9661,-11.3533
29900,1.7674,-11.3343
30000,1.6473,-11.3758
30100,1.6504,-11.4002
30200,1.9488,-11.3526
30300,1.6877,-11.3817
30400,1.6986,-11.3622
30500,1.8915,-11.3506
30600,1.713,-11.3645
30700,1.5311,-11.3945
30800,1.6099,-11.3914
30900,1.8788,-11.3705
31000,1.8023,-11.3705
31100,2.039,-11.3427
31200,1.9999,-11.3511
31300,1.667,-11.3803
31400,1.772,-11.3552
31500,1.5685,-11.3841
31600,1.7658,-11.3702
31700,1.7048,-11.3759
31800,1.8519,-11.3891
31900,1.7414,-11.4125
32000,1.8863,-11.3731
32100,1.708,-11.3952
32200,1.5828,-11.3979
32300,1.8441,-11.3866
32400,1.7894,-11.399
32500,1.9936,-11.3592
32600,1.5204,-11.3992
32700,1.8604,-11.3546
32800,2.1048,-11.3652
32900,1.7447,-11.3699
33000,1.825,-11.3522
33100,1.853,-11.3384
33200,1.8295,-11.3515
33300,1.6727,-11.3783
33400,1.6475,-11.3761
33500,1.6993,-11.3956
33600,1.9871,-11.3534
33700,1.852,-11.3611
33800,1.7889,-11.3619
33900,1.8577,-11.3675
34000,1.631,-11.3855
34100,1.5877,-11.4014
34200,1.7993,-11.3834
34300,1.9616,-11.3764
34400,1.8802,-11.3639
34500,1.9218,-11.3774
34600,1.7773,-11.3755
34700,1.584,-11.4135
34800,1.719,-11.3976
34900,1.6638,-11.411
35000,1.783,-11.3832
35100,1.7453,-11.4003
35200,1.5167,-11.4445
35300,1.7923,-11.4115
35400,1.8673,-11.4276
35500,1.752,-11.4182
35600,1.996,-11.4005
35700,1.8375,-11.4241
35800,1.824,-11.4114
35900,1.7446,-11.4157
36000,2.2279,-11.3584
36100,1.6571,-11.4102
36200,2.2877,-11.3551
36300,1.8163,-11.3667
36400,1.7071,-11.3806
36500,1.7272,-11.3919
36600,1.6545,-11.3969
36700,1.7482,-11.3962
36800,1.6996,-11.4231
36900,1.7764,-11.4024
37000,1.9531,-11.4126
37100,1.566,-11.4369
37200,1.9711,-11.4175
37300,1.7119,-11.3994
37400,1.7461,-11.4333
37500,1.7333,-11.4231
37600,1.8504,-11.4121
37700,1.8199,-11.4447
37800,1.8841,-11.4014
37900,1.6534,-11.4278
38000,1.9219,-11.4356
38100,1.8917,-11.4135
38200,1.8993,-11.423
38300,1.7211,-11.4583
38400,1.8414,-11.4192
38500,1.6741,-11.4596
38600,2.1357,-11.4213
38700,1.9769,-11.4428
38800,1.8592,-11.4299
38900,2.0088,-11.4451
39000,1.8376,-11.4179
39100,1.821,-11.4563
39200,1.8147,-11.4703
39300,1.7794,-11.4785
39400,1.8478,-11.4655
39500,1.6824,-11.5151
39600,1.7884,-11.4712
39700,1.8024,-11.4905
39800,1.946,-11.4792
39900,1.9575,-11.4591
40000,1.7168,-11.5009
40100,1.9219,-11.4613
40200,1.9982,-11.4529
40300,1.6186,-11.4962
40400,2.0112,-11.4765
40500,1.8426,-11.4644
40600,1.9471,-11.4396
40700,2.0365,-11.4443
40800,2.0437,-11.4389
40900,1.9409,-11.4358
41000,1.7662,-11.4459
41100,1.5388,-11.5
41200,1.9264,-11.4586
41300,1.8168,-11.4613
41400,1.9405,-11.4791
41500,1.9868,-11.4512
41600,1.8006,-11.4774
41700,1.5916,-11.528
41800,1.8375,-11.5025
41900,1.7973,-11.5288
42000,1.8738,-11.4965
42100,1.8039,-11.5166
42200,1.9032,-11.524
42300,1.9633,-11.5015
42400,1.8737,-11.5079
42500,1.5542,-11.5768
42600,2.0536,-11.5104
42700,1.901,-11.5285
42800,1.7262,-11.5367
42900,1.9132,-11.5353
43000,1.7974,-11.5544
43100,1.9213,-11.5377
43200,2.2908,-11.501
43300,1.9041,-11.5315
43400,1.5246,-11.5546
43500,2.1485,-11.5016
43600,1.8501,-11.5362
43700,1.8819,-11.5327
43800,2.022,-11.5083
43900,1.8287,-11.509
44000,1.809,-11.5184
44100,1.9403,-11.5034
44200,1.9238,-11.5425
44300,1.8372,-11.5421
44400,1.7488,-11.5516
44500,1.6177,-11.586
44600,1.7377,-11.5825
44700,1.8262,-11.5672
44800,1.9018,-11.5837
44900,1.8819,-11.5887
45000,1.7856,-11.5957
45100,1.5131,-11.6341
45200,1.8184,-11.623
45300,1.7876,-11.6399
45400,1.9221,-11.6259
45500,2.0626,-11.6161
45600,1.742,-11.6424
45700,1.8276,-11.6491
45800,1.8634,-11.6443
45900,1.7313,-11.6295
46000,1.7617,-11.6505
46100,1.8218,-11.6581
46200,1.9259,-11.662
46300,1.6457,-11.7045
46400,2.0292,-11.6647
46500,1.7367,-11.6849
46600,1.6798,-11.7156
46700,2.0255,-11.6711
46800,2.1865,-11.6681
46900,1.6538,-11.6977
47000,1.8621,-11.6741
47100,1.8503,-11.7065
47200,1.5956,-11.7
47300,2.0237,-11.6742
47400,2.012,-11.6716
47500,1.8613,-11.6757
47600,1.7918,-11.6995
47700,1.6942,-11.6807
47800,1.9089,-11.6809
47900,2.1657,-11.6392
48000,2.1768,-11.6292
48100,2.0137,-11.6205
48200,1.628,-11.7003
48300,1.9546,-11.6512
48400,1.9202,-11.6579
48500,1.7822,-11.6515
48600,1.6806,-11.6783
48700,1.7148,-11.7049
48800,2.1057,-11.663
48900,1.8001,-11.6833
49000,1.7153,-11.7024
49100,1.5891,-11.7305
49200,1.7263,-11.7153
49300,1.8253,-11.7121
49400,1.7127,-11.746
49500,1.9126,-11.725
49600,1.7564,-11.7317
49700,2.1007,-11.6794
49800,1.9268,-11.6859
49900,1.7886,-11.7047
50000,1.8774,-11.7182
50100,2.1369,-11.6734
50200,1.8887,-11.696
50300,1.6756,-11.7204
50400,1.9373,-11.726
50500,2.1651,-11.6793
50600,1.8909,-11.6905
50700,2.0143,-11.6947
50800,1.873,-11.698
50900,1.9757,-11.6885
51000,1.9841,-11.6846
51100,1.8091,-11.7135
51200,2.1621,-11.6549
51300,1.8254,-11.6988
51400,1.9443,-11.6986
51500,1.8936,-11.6902
51600,1.7565,-11.7
51700,1.959,-11.7082
51800,1.6944,-11.7106
51900,1.692,-11.7119
52000,2.0148,-11.7053
52100,1.7342,-11.7574
52200,2.1899,-11.6906
52300,2.0,-11.7105
52400,2.123,-11.6864
52500,1.8007,-11.7031
52600,2.0154,-11.6914
52700,1.8953,-11.7279
52800,2.0132,-11.677
52900,1.9027,-11.7186
53000,1.9195,-11.7095
53100,1.8268,-11.7371
53200,2.2086,-11.6999
53300,1.9767,-11.7228
53400,1.7565,-11.7588
53500,1.9135,-11.7414
53600,1.9642,-11.7437
53700,1.9051,-11.791
53800,1.7842,-11.7761
53900,1.919,-11.8062
54000,1.906,-11.7935
54100,1.8827,-11.7879
54200,2.1427,-11.758
54300,2.0329,-11.7541
54400,1.8737,-11.785
54500,2.2236,-11.7527
54600,1.9836,-11.7413
54700,1.8869,-11.7476
54800,2.1802,-11.728
54900,1.9948,-11.7457
55000,1.8757,-11.7716
55100,2.0321,-11.7715
55200,1.8859,-11.7723
55300,1.7882,-11.8066
55400,2.2517,-11.7559
55500,1.8508,-11.8012
55600,2.0099,-11.7745
55700,1.6398,-11.8347
55800,2.0326,-11.7891
55900,2.1197,-11.755
56000,2.0456,-11.7839
56100,1.7285,-11.8259
56200,1.8058,-11.815
56300,1.7345,-11.8305
56400,1.5839,-11.8772
56500,1.706,-11.8697
56600,1.903,-11.8551
56700,1.9458,-11.8393
56800,2.0289,-11.8572
56900,1.6802,-11.8991
57000,1.8011,-11.882
57100,1.7484,-11.8972
57200,1.9765,-11.9016
57300,1.8168,-11.9129
57400,1.6522,-11.9141
57500,2.0769,-11.8908
57600,1.7436,-11.9196
57700,1.6948,-11.9216
57800,2.0066,-11.9158
57900,1.8106,-11.9214
58000,2.0594,-11.9418
58100,2.2815,-11.9104
58200,1.8568,-11.9485
58300,2.1368,-11.8947
58400,1.7716,-11.9472
58500,1.7692,-11.9471
58600,1.9938,-11.9151
58700,1.9586,-11.9101
58800,2.2385,-11.9054
58900,1.6837,-11.9536
59000,1.9069,-11.9566
59100,1.9276,-11.9467
59200,1.8771,-11.9557
59300,1.9717,-11.9298
59400,1.8107,-11.9757
59500,1.5693,-12.0111
59600,1.844,-11.9659
59700,1.889,-11.9738
59800,1.8148,-11.9593
59900,2.0845,-11.9566
60000,1.72,-11.9959
60100,1.9034,-11.9779
60200,2.1837,-11.9369
60300,2.0564,-11.954
60400,1.8742,-11.9856
60500,1.9918,-11.9454
60600,1.8318,-11.9802
60700,1.7267,-11.9951
60800,1.9414,-11.9853
60900,1.8866,-11.9794
61000,2.2109,-11.9697
61100,1.7892,-11.9662
61200,2.1633,-11.9293
61300,1.7684,-11.9745
61400,1.7369,-11.9846
61500,1.7744,-11.9834
61600,2.0658,-11.9597
61700,2.0569,-11.9675
61800,1.9362,-11.984
61900,1.97,-11.9577
62000,1.7712,-11.9952
62100,1.9471,-12.0011
62200,2.0859,-11.9828
62300,1.8634,-11.9918
62400,1.9059,-11.983
62500,1.9879,-11.9855
62600,1.9403,-11.9946
62700,1.6138,-12.0307
62800,2.0069,-12.0007
62900,2.083,-11.9994
63000,1.9499,-11.9955
63100,1.939,-11.9982
63200,1.8881,-12.0155
63300,2.003,-12.0225
63400,1.8392,-12.0275
63500,2.1776,-12.012
63600,2.0538,-11.9756
63700,1.8854,-12.0302
63800,2.1154,-11.9973
63900,1.8349,-12.0143
64000,1.9759,-12.0141
64100,1.8653,-12.0355
64200,2.0036,-12.0319
64300,1.9455,-12.0188
64400,1.7809,-12.0363
64500,2.1632,-12.023
64600,2.146,-12.0276
64700,1.9287,-12.0179
64800,2.0921,-12.0057
64900,1.8777,-12.0241
65000,1.8641,-12.0364
65100,1.9571,-12.0319
65200,2.0618,-12.0349
65300,1.7802,-12.0574
65400,1.9762,-12.0534
65500,2.0217,-12.0523
65600,1.9656,-12.0763
65700,1.8908,-12.0493
65800,2.1868,-12.0478
65900,2.0544,-12.034
66000,2.0333,-12.0269
66100,1.8654,-12.0534
66200,2.1168,-12.0513
66300,2.0914,-12.059
66400,2.0819,-12.0452
66500,1.8954,-12.053
66600,1.9477,-12.0548
66700,2.1207,-12.0253
66800,2.0918,-12.0262
66900,1.748,-12.0714
67000,2.2,-12.0214
67100,1.9784,-12.0456
67200,2.0476,-12.0324
67300,1.736,-12.0722
67400,2.1763,-12.0592
67500,1.9155,-12.0702
67600,1.9559,-12.0682
67700,2.3599,-12.0574
67800,2.0991,-12.0504
67900,1.8832,-12.0623
68000,2.2457,-12.0375
68100,2.0215,-12.0579
68200,2.0934,-12.0298
68300,1.9183,-12.0803
68400,1.75,-12.0888
68500,1.7753,-12.099
68600,2.1201,-12.0854
68700,2.0068,-12.0873
68800,1.9018,-12.0859
68900,2.0932,-12.0918
69000,1.8521,-12.0844
69100,1.8307,-12.112
69200,2.0469,-12.0771
69300,1.8381,-12.1487
69400,2.0537,-12.0796
69500,1.8573,-12.1418
69600,1.797,-12.1511
69700,2.1908,-12.0989
69800,2.4077,-12.0866
69900,2.0458,-12.0958
70000,1.8532,-12.1604
70100,2.0274,-12.0876
70200,1.8644,-12.1293
70300,2.2668,-12.0957
70400,2.0434,-12.1029
70500,2.059,-12.0914
70600,2.1745,-12.1095
70700,2.2181,-12.059
70800,1.9839,-12.1034
70900,1.8642,-12.0975
71000,1.8253,-12.1087
71100,1.9112,-12.1213
71200,2.0379,-12.0911
71300,1.8304,-12.1105
71400,1.9002,-12.1195
71500,2.1703,-12.1313
71600,2.147,-12.101
71700,2.1236,-12.0953
71800,1.9892,-12.1052
71900,1.8006,-12.1161
72000,2.0393,-12.1084
72100,2.1768,-12.0952
72200,1.9379,-12.1108
72300,2.213,-12.06
72400,1.8144,-12.1191
72500,1.8453,-12.1172
72600,1.8259,-12.1422
72700,2.0102,-12.1095
72800,2.0675,-12.1415
72900,2.4966,-12.0872
73000,2.2302,-12.1077
73100,1.986,-12.0944
73200,1.87,-12.1122
73300,1.905,-12.139
73400,2.022,-12.109
73500,2.1157,-12.0945
73600,2.0444,-12.103
73700,2.0196,-12.1053
73800,2.0504,-12.1062
73900,2.25,-12.0621
74000,2.2297,-12.0746
74100,1.9923,-12.0918
74200,1.8966,-12.1144
74300,1.8458,-12.1295
74400,1.9357,-12.1355
74500,1.9355,-12.1266
74600,2.0739,-12.1358
74700,2.223,-12.0947
74800,1.9226,-12.1115
74900,1.8985,-12.1441
75000,2.0247,-12.1327
75100,2.0112,-12.1336
75200,2.1908,-12.1012
75300,1.5777,-12.1557
75400,2.1909,-12.1301
75500,1.9759,-12.1367
75600,1.5303,-12.1699
75700,2.2284,-12.1268
75800,2.0008,-12.1614
75900,2.3068,-12.1471
76000,1.7416,-12.1766
76100,2.0957,-12.1768
76200,1.7461,-12.2163
76300,2.1808,-12.1903
76400,1.8379,-12.2236
76500,2.0407,-12.2283
76600,1.9484,-12.2494
76700,1.9154,-12.2438
76800,2.1283,-12.2226
76900,2.1515,-12.2124
77000,1.9596,-12.2367
77100,1.98,-12.274
77200,1.7613,-12.2834
77300,1.9817,-12.2815
77400,2.0812,-12.271
77500,2.1675,-12.2662
77600,1.8347,-12.2943
77700,2.1626,-12.2689
77800,1.9059,-12.2963
77900,1.8495,-12.3008
78000,1.8003,-12.3185
78100,2.1826,-12.2893
78200,2.102,-12.2813
78300,1.7379,-12.3167
78400,2.1013,-12.3095
78500,2.0795,-12.3016
78600,2.04,-12.3192
78700,1.9924,-12.3239
78800,2.3808,-12.2742
78900,2.4291,-12.3011
79000,2.0061,-12.3072
79100,2.1038,-12.2864
79200,2.0273,-12.3219
79300,2.1161,-12.3021
79400,2.1704,-12.3294
79500,2.2073,-12.302
79600,2.0084,-12.2881
79700,1.9506,-12.3305
79800,2.0941,-12.3016
79900,2.072,-12.3398
80000,2.1447,-12.3189
80100,2.0619,-12.3287
80200,2.5406,-12.2915
80300,2.2879,-12.2604
80400,1.8819,-12.347
80500,1.7939,-12.3529
80600,1.9126,-12.3692
80700,2.396,-12.2999
80800,2.2997,-12.3025
80900,2.288,-12.2838
81000,2.0406,-12.3046
81100,1.8656,-12.3621
81200,2.0539,-12.3221
81300,1.7506,-12.3622
81400,2.1315,-12.3358
81500,2.1071,-12.3691
81600,2.0001,-12.3574
81700,2.0424,-12.3714
81800,2.2652,-12.3265
81900,2.1074,-12.353
82000,2.3606,-12.3128
82100,1.89,-12.3529
82200,2.0737,-12.3376
82300,1.806,-12.3812
82400,2.0403,-12.3704
82500,2.009,-12.3473
82600,1.8083,-12.3739
82700,1.9385,-12.3741
82800,1.9361,-12.3812
82900,2.393,-12.3397
83000,2.0544,-12.3566
83100,1.8698,-12.3806
83200,1.9883,-12.377
83300,2.155,-12.3419
83400,2.0294,-12.4078
83500,1.7977,-12.41
83600,2.1984,-12.3872
83700,2.3011,-12.364
83800,2.1466,-12.3683
83900,1.9338,-12.4016
84000,2.02,-12.3694
84100,2.0699,-12.3791
84200,2.2225,-12.3666
84300,2.2189,-12.3678
84400,2.4604,-12.3304
84500,1.8336,-12.3789
84600,2.2552,-12.3695
84700,1.9854,-12.3698
84800,1.9681,-12.3844
84900,2.0659,-12.377
85000,2.0197,-12.3427
85100,1.8552,-12.3792
85200,2.1089,-12.361
85300,2.1264,-12.3653
85400,2.5772,-12.3127
85500,2.0932,-12.3526
85600,2.2559,-12.3173
85700,2.0333,-12.3634
85800,2.2847,-12.2986
85900,2.1545,-12.3205
86000,2.0917,-12.3377
86100,2.229,-12.3099
86200,2.3603,-12.302
86300,2.0086,-12.3257
86400,1.8558,-12.3394
86500,2.1576,-12.311
86600,1.9277,-12.344
86700,2.0477,-12.3429
86800,2.1721,-12.3321
86900,2.1365,-12.339
87000,2.1903,-12.3247
87100,2.0113,-12.3438
87200,2.4438,-12.3331
87300,2.2766,-12.3415
87400,2.0379,-12.3358
87500,2.2969,-12.3021
87600,2.052,-12.3284
87700,2.1995,-12.3369
87800,2.2091,-12.325
87900,2.5829,-12.2684
88000,1.9918,-12.3303
88100,2.3793,-12.2779
88200,2.2679,-12.3072
88300,2.1192,-12.2984
88400,2.2432,-12.3027
88500,2.3308,-12.2729
88600,2.16,-12.2931
88700,2.1679,-12.2956
88800,2.5561,-12.2402
88900,2.0317,-12.3106
89000,2.2207,-12.3031
89100,2.0507,-12.299
89200,2.1515,-12.3157
89300,1.884,-12.344
89400,1.992,-12.3314
89500,2.1124,-12.3481
89600,2.0842,-12.3398
89700,2.4115,-12.3074
89800,2.3372,-12.3264
89900,2.3148,-12.3194
90000,2.3474,-12.3109
90100,2.2611,-12.2925
90200,2.2558,-12.301
90300,2.2538,-12.2758
90400,2.2841,-12.2934
90500,2.129,-12.2734
90600,1.981,-12.3079
90700,2.3376,-12.2892
90800,2.4792,-12.2633
90900,1.9324,-12.3183
91000,2.2028,-12.2865
91100,2.2365,-12.3262
91200,1.9952,-12.3379
91300,2.2253,-12.3139
91400,2.0803,-12.3574
91500,1.9971,-12.3699
91600,1.9215,-12.383
91700,2.118,-12.3773
91800,2.4421,-12.3225
91900,2.2062,-12.3733
92000,1.9895,-12.3839
92100,2.2841,-12.3701
92200,2.3241,-12.355
92300,2.0464,-12.3759
92400,2.223,-12.3572
92500,2.0575,-12.3623
92600,2.0002,-12.3808
92700,2.0167,-12.3706
92800,2.2621,-12.3514
92900,2.0536,-12.3842
93000,1.8636,-12.4027
93100,2.1381,-12.3927
93200,2.0418,-12.4032
93300,1.9906,-12.4143
93400,2.1344,-12.4392
93500,2.3325,-12.4208
93600,2.1677,-12.4071
93700,2.6149,-12.3922
93800,1.9603,-12.4189
93900,2.3887,-12.4051
94000,2.2497,-12.4179
94100,2.2361,-12.4126
94200,2.444,-12.4057
94300,2.4206,-12.3943
94400,2.5546,-12.3556
94500,2.4147,-12.3672
94600,2.0714,-12.3902
94700,2.055,-12.4071
94800,2.1206,-12.4062
94900,2.2792,-12.4087
95000,2.2765,-12.3972
95100,2.2114,-12.4194
95200,2.219,-12.3834
95300,2.2665,-12.4172
95400,2.2892,-12.3915
95500,2.2803,-12.3919
95600,2.0669,-12.3929
95700,2.3968,-12.3911
95800,2.0091,-12.4119
95900,2.3706,-12.3741
96000,2.0262,-12.4189
96100,2.0211,-12.435
96200,2.1255,-12.4324
96300,2.0656,-12.4597
96400,2.0608,-12.4574
96500,2.1537,-12.4448
96600,1.9053,-12.4719
96700,2.1074,-12.4926
96800,2.4675,-12.433
96900,2.1368,-12.4952
97000,2.1206,-12.4923
97100,2.5206,-12.4388
97200,2.1517,-12.4735
97300,2.2937,-12.4848
97400,2.4415,-12.4423
97500,2.1223,-12.4591
97600,2.2199,-12.4639
97700,2.146,-12.473
97800,2.0872,-12.4559
97900,2.3719,-12.4271
98000,2.2715,-12.4608
98100,1.9804,-12.4705
98200,2.3534,-12.4737
98300,2.3413,-12.4529
98400,2.1845,-12.4679
98500,2.2186,-12.4481
98600,2.2283,-12.4519
98700,2.2559,-12.4447
98800,1.9855,-12.4948
98900,2.0799,-12.5079
99000,2.1593,-12.5051
99100,1.9998,-12.528
99200,2.1341,-12.5267
99300,2.0982,-12.5338
99400,2.3119,-12.5101
99500,2.2062,-12.5011
99600,2.4049,-12.4922
99700,2.1313,-12.4939
99800,2.1662,-12.4992
99900,2.1632,-12.532
100000,2.083,-12.5369
100100,2.0427,-12.5489
100200,2.2301,-12.5379
100300,2.1216,-12.5602
100400,2.34,-12.5269
100500,2.1159,-12.5356
100600,2.2085,-12.5361
100700,2.3248,-12.5435
100800,2.3735,-12.5385
100900,2.079,-12.5633
101000,2.0977,-12.5528
101100,2.3059,-12.5328
101200,2.1516,-12.5329
101300,2.1852,-12.5411
101400,2.3258,-12.5355
101500,2.1674,-12.5156
101600,2.3029,-12.5075
101700,2.1779,-12.5132
101800,2.3739,-12.5021
101900,2.2645,-12.5171
102000,2.0537,-12.5583
102100,2.3406,-12.5343
102200,2.219,-12.5236
102300,2.1858,-12.5145
102400,2.3282,-12.5139
102500,2.2499,-12.5389
102600,2.4308,-12.4964
102700,2.2256,-12.5151
102800,2.215,-12.5141
102900,2.3153,-12.5076
103000,2.1633,-12.5009
103100,2.134,-12.5239
103200,2.426,-12.489
103300,2.1204,-12.5152
103400,2.1726,-12.4921
103500,2.0246,-12.5024
103600,2.1354,-12.5351
103700,2.1276,-12.5076
103800,2.2573,-12.5058
103900,1.9714,-12.5456
104000,1.9943,-12.5661
104100,2.1229,-12.5627
104200,2.1979,-12.5647
104300,2.4011,-12.5329
104400,1.9213,-12.5903
104500,2.2853,-12.5458
104600,2.0731,-12.5561
104700,2.2458,-12.5619
104800,2.3262,-12.5412
104900,2.1164,-12.5687
105000,2.189,-12.5734
105100,2.473,-12.5119
105200,1.8585,-12.5585
105300,2.1087,-12.5592
105400,2.103,-12.5651
105500,2.4503,-12.516
105600,2.4272,-12.5249
105700,2.6214,-12.4951
105800,2.0955,-12.5229
105900,2.3835,-12.5117
106000,2.1296,-12.5252
106100,2.2498,-12.496
106200,1.844,-12.5906
106300,2.1673,-12.5568
106400,2.4464,-12.5128
106500,2.5428,-12.5177
106600,2.2956,-12.5326
106700,2.3086,-12.5233
106800,2.2591,-12.5068
106900,2.3052,-12.5373
107000,2.0799,-12.5571
107100,2.7516,-12.4721
107200,2.2222,-12.5162
107300,2.4121,-12.4929
107400,2.131,-12.5325
107500,2.219,-12.5288
107600,2.2903,-12.5352
107700,2.1883,-12.5345
107800,2.3337,-12.5288
107900,2.0628,-12.5404
108000,2.2935,-12.5315
108100,2.3764,-12.529
108200,2.1971,-12.5259
108300,2.3609,-12.5386
108400,2.3685,-12.5182
108500,2.1508,-12.5195
108600,2.2293,-12.5414
108700,2.146,-12.5293
108800,2.2903,-12.5603
108900,2.1459,-12.5375
109000,2.4485,-12.5426
109100,2.1597,-12.5629
109200,2.0171,-12.5748
109300,2.4299,-12.537
109400,2.3837,-12.5543
109500,2.2615,-12.5279
109600,2.1079,-12.5711
109700,2.3575,-12.5447
109800,2.1832,-12.602
109900,2.1448,-12.5467
110000,2.2921,-12.5426
110100,2.094,-12.5834
110200,2.1147,-12.5824
110300,2.4322,-12.5284
110400,2.0677,-12.5654
110500,2.3789,-12.5453
110600,2.2838,-12.5583
110700,2.105,-12.5808
110800,2.366,-12.5513
110900,2.5162,-12.5041
111000,2.1695,-12.5711
111100,2.4106,-12.5151
111200,1.9738,-12.572
111300,2.0562,-12.5831
111400,2.1572,-12.5497
111500,2.2277,-12.5566
111600,2.1692,-12.5636
111700,1.8393,-12.5872
111800,2.1947,-12.5793
111900,2.7089,-12.4994
112000,2.529,-12.5227
112100,2.1959,-12.5123
112200,2.0327,-12.5668
112300,2.5657,-12.5173
112400,2.2161,-12.5275
112500,2.075,-12.54
112600,2.1798,-12.5412
112700,2.3825,-12.5323
112800,2.3866,-12.536
112900,2.0812,-12.5417
113000,2.3281,-12.5234
113100,2.2782,-12.534
113200,2.1659,-12.534
113300,2.2204,-12.5196
113400,2.3273,-12.5169
113500,2.2893,-12.5149
113600,2.4308,-12.5178
113700,2.1112,-12.522
113800,2.0729,-12.5418
113900,2.5334,-12.4785
114000,2.266,-12.5122
114100,2.3119,-12.5056
114200,1.9876,-12.561
114300,2.183,-12.5406
114400,2.2216,-12.5115
114500,2.0601,-12.5664
114600,2.2929,-12.5166
114700,2.0167,-12.5775
114800,2.328,-12.5103
114900,2.2455,-12.5278
115000,2.2596,-12.549
115100,2.2243,-12.5424
115200,2.2773,-12.5144
115300,2.2167,-12.5463
115400,2.4393,-12.5223
115500,2.4718,-12.5166
115600,2.1951,-12.5328
115700,1.9995,-12.5535
115800,2.3866,-12.5413
115900,2.2351,-12.5392
116000,2.185,-12.5427
116100,2.1958,-12.5482
116200,2.428,-12.5213
116300,2.2129,-12.5343
116400,2.3705,-12.5453
116500,2.2594,-12.5674
116600,2.124,-12.5822
116700,2.6587,-12.5284
116800,2.4052,-12.5
116900,2.5599,-12.498
117000,2.1392,-12.5402
117100,2.4911,-12.53
117200,2.4469,-12.482
117300,2.1488,-12.5175
117400,2.2768,-12.5247
117500,2.4877,-12.4852
117600,2.0011,-12.5378
117700,2.4015,-12.5099
117800,2.2418,-12.5016
117900,2.3082,-12.5398
118000,2.2901,-12.5076
118100,2.2049,-12.5318
118200,2.3995,-12.5419
118300,2.2504,-12.5452
118400,2.2052,-12.5429
118500,2.0266,-12.5857
118600,2.1637,-12.594
118700,2.3404,-12.5675
118800,2.4103,-12.5297
118900,2.3303,-12.5507
119000,2.2407,-12.5772
119100,2.4155,-12.5838
119200,2.3514,-12.5455
119300,1.9394,-12.5807
119400,2.276,-12.5737
119500,2.3604,-12.541
119600,2.164,-12.5895
119700,2.1727,-12.5721
119800,1.982,-12.5807
119900,2.2528,-12.5738
120000,2.3249,-12.5793
120100,2.3384,-12.5773
120200,2.2285,-12.5485
120300,2.3779,-12.5705
120400,2.2823,-12.555
120500,2.2894,-12.5589
120600,2.3793,-12.5483
120700,1.9955,-12.5977
120800,2.2375,-12.6204
120900,2.3307,-12.5874
121000,2.6097,-12.5553
121100,2.1643,-12.6134
121200,2.2805,-12.6228
121300,2.4298,-12.6029
121400,2.3219,-12.5846
121500,2.1084,-12.6332
121600,2.4182,-12.5621
121700,2.3588,-12.5963
121800,2.3051,-12.5703
121900,2.2557,-12.5979
122000,2.3539,-12.588
122100,2.2942,-12.6152
122200,2.4914,-12.5733
122300,2.3293,-12.5956
122400,2.4523,-12.5927
122500,2.232,-12.5938
122600,2.4232,-12.6043
122700,2.2453,-12.5932
122800,2.3496,-12.5672
122900,2.1859,-12.616
123000,2.1231,-12.6181
123100,2.2526,-12.6315
123200,2.4784,-12.6231
123300,2.062,-12.6469
123400,1.9765,-12.6397
123500,2.0408,-12.6688
123600,2.2372,-12.6742
123700,2.1894,-12.6632
123800,2.2991,-12.6825
123900,2.6223,-12.6592
124000,2.7186,-12.6154
124100,2.5517,-12.6666
124200,2.4082,-12.6583
124300,2.1579,-12.6734
124400,2.5333,-12.6398
124500,2.2021,-12.6535
124600,2.4165,-12.6492
124700,2.2309,-12.6571
124800,2.2109,-12.6653
124900,2.296,-12.6289
125000,2.3528,-12.6457
125100,2.11,-12.6559
125200,2.1118,-12.6837
125300,2.4759,-12.6637
125400,2.5489,-12.6385
125500,2.3538,-12.6525
125600,2.4987,-12.6454
125700,2.1239,-12.6496
125800,2.1689,-12.6489
125900,2.2307,-12.6754
126000,2.4555,-12.6347
126100,2.0772,-12.6694
126200,2.4275,-12.6643
126300,2.515,-12.6342
126400,2.4731,-12.6499
126500,2.2077,-12.6712
126600,2.2534,-12.7086
126700,2.1454,-12.6882
126800,2.5043,-12.666
126900,2.4599,-12.6643
127000,2.2692,-12.6846
127100,2.3638,-12.669
127200,2.4671,-12.6757
127300,2.2898,-12.6705
127400,2.4032,-12.66
127500,2.3495,-12.6324
127600,2.4873,-12.6357
127700,2.1924,-12.6751
127800,2.286,-12.6729
127900,2.3989,-12.6182
128000,2.232,-12.6673
128100,2.6057,-12.624
128200,2.2066,-12.6778
128300,2.4021,-12.6402
128400,2.6645,-12.6314
128500,2.0979,-12.6635
128600,2.3996,-12.6644
128700,2.2163,-12.6738
128800,2.0544,-12.6736
128900,2.2926,-12.6641
129000,2.4989,-12.6339
129100,2.2594,-12.6777
129200,2.4407,-12.6264
129300,2.3568,-12.6169
129400,2.4732,-12.6474
129500,2.1029,-12.6379
129600,2.1288,-12.6508
129700,2.5802,-12.6223
129800,2.049,-12.6819
129900,2.301,-12.6424
130000,2.2557,-12.6606
130100,2.2263,-12.6492
130200,2.1801,-12.6902
130300,2.3983,-12.6459
130400,2.3702,-12.6791
130500,2.3227,-12.6553
130600,2.4539,-12.6422
130700,2.1741,-12.6828
130800,2.5232,-12.6494
130900,2.2968,-12.649
131000,2.3633,-12.6543
131100,1.9836,-12.6995
131200,2.2872,-12.6567
131300,2.5984,-12.6618
131400,2.0728,-12.6731
131500,2.1196,-12.6845
131600,2.5167,-12.6647
131700,2.5933,-12.6466
131800,2.4183,-12.6419
131900,2.2804,-12.6622
132000,2.3744,-12.6422
132100,2.1818,-12.6679
132200,2.2086,-12.6509
132300,2.5172,-12.6774
132400,2.5273,-12.6425
132500,2.2119,-12.6572
132600,2.2857,-12.6508
132700,2.3276,-12.6705
132800,2.6052,-12.6397
132900,2.0191,-12.6959
133000,2.521,-12.6298
133100,2.2081,-12.6527
133200,2.3827,-12.6617
133300,2.4165,-12.6469
133400,2.5577,-12.6469
133500,2.1331,-12.6841
133600,2.2794,-12.6654
133700,2.3412,-12.6761
133800,2.5501,-12.6513
133900,2.4651,-12.6384
134000,2.6314,-12.6058
134100,2.3817,-12.6485
134200,2.0628,-12.6927
134300,2.4419,-12.6378
134400,2.4196,-12.6314
134500,2.1085,-12.6785
134600,2.2424,-12.6488
134700,2.4658,-12.6319
134800,2.3486,-12.617
134900,2.3123,-12.6365
135000,2.0775,-12.6804
135100,2.1819,-12.6476
135200,2.1075,-12.6726
135300,2.2379,-12.6949
135400,2.7093,-12.6255
135500,2.45,-12.6183
135600,2.6877,-12.6119
135700,2.257,-12.643
135800,2.3728,-12.6519
135900,2.386,-12.6402
136000,2.2272,-12.6469
136100,2.4942,-12.64
136200,2.2296,-12.6595
136300,2.1975,-12.6656
136400,2.2545,-12.6638
136500,2.8398,-12.6385
136600,2.3898,-12.6377
136700,2.5012,-12.6123
136800,2.3112,-12.6175
136900,2.384,-12.6244
137000,2.3038,-12.6327
137100,2.0672,-12.6873
137200,2.5916,-12.6197
137300,2.4531,-12.6418
137400,2.4795,-12.6335
137500,2.4317,-12.622
137600,2.3787,-12.6096
137700,2.2786,-12.6364
137800,2.6201,-12.6205
137900,2.293,-12.6279
138000,2.3768,-12.6124
138100,2.4617,-12.6355
138200,2.1221,-12.6377
138300,1.9186,-12.674
138400,2.3883,-12.6359
138500,2.1766,-12.6646
138600,2.4747,-12.6398
138700,2.4301,-12.6322
138800,2.2508,-12.6742
138900,2.2257,-12.6735
139000,2.3308,-12.6585
139100,2.6071,-12.6247
139200,2.1153,-12.6605
139300,2.14,-12.6858
139400,2.2733,-12.6796
139500,2.1294,-12.719
139600,2.3894,-12.7056
139700,2.2658,-12.7048
139800,2.4294,-12.6798
139900,2.4772,-12.6987
140000,2.158,-12.7236
140100,2.0991,-12.7507
140200,2.4706,-12.7181
140300,2.3593,-12.7135
140400,2.5147,-12.6936
140500,2.5312,-12.6906
140600,2.5156,-12.6596
140700,2.4126,-12.6853
140800,2.3196,-12.7219
140900,2.473,-12.6611
141000,2.383,-12.6876
141100,2.2484,-12.6732
141200,2.5504,-12.6785
141300,2.0778,-12.705
141400,2.6084,-12.6864
141500,2.5184,-12.6665
141600,2.372,-12.7101
141700,2.2025,-12.7163
141800,2.4005,-12.7007
141900,2.4884,-12.6523
142000,2.3165,-12.6641
142100,2.3651,-12.6975
142200,2.2893,-12.6768
142300,2.1529,-12.7083
142400,2.2697,-12.7112
142500,2.0112,-12.7127
142600,2.3319,-12.7173
142700,2.385,-12.7253
142800,2.7435,-12.6878
142900,2.2621,-12.7239
143000,2.5575,-12.6816
143100,2.1872,-12.7226
143200,2.2192,-12.7325
143300,2.619,-12.7049
143400,1.9193,-12.7308
143500,2.4935,-12.7077
143600,2.6582,-12.6869
143700,2.3532,-12.7231
143800,2.31,-12.7218
143900,2.2684,-12.7355
144000,2.9478,-12.6688
144100,2.0327,-12.7673
144200,2.5776,-12.7326
144300,2.1891,-12.7279
144400,2.302,-12.7398
144500,2.1581,-12.7673
144600,2.6153,-12.7181
144700,2.5883,-12.7178
144800,2.5447,-12.6853
144900,2.4872,-12.698
145000,2.5773,-12.7093
145100,1.975,-12.7221
145200,2.4229,-12.7048
145300,2.1906,-12.728
145400,2.522,-12.7197
145500,1.963,-12.7545
145600,2.5539,-12.6976
145700,2.177,-12.7491
145800,2.5075,-12.6858
145900,2.4583,-12.7032
146000,2.4572,-12.7078
146100,2.1637,-12.7541
146200,2.411,-12.7239
146300,2.5465,-12.7139
146400,2.2225,-12.7207
146500,2.3748,-12.7483
146600,2.669,-12.6919
146700,2.0281,-12.7261
146800,2.7013,-12.6729
146900,2.5753,-12.6685
147000,2.4527,-12.7058
147100,2.4182,-12.6847
147200,2.2119,-12.6813
147300,2.1963,-12.7051
147400,2.4082,-12.6765
147500,2.2654,-12.6919
147600,2.3244,-12.681
147700,2.0844,-12.7207
147800,2.3006,-12.7152
147900,2.2326,-12.7415
148000,2.4665,-12.7114
148100,2.5369,-12.7312
148200,2.1098,-12.7621
148300,2.2938,-12.7257
148400,2.4823,-12.7223
148500,2.2668,-12.7208
148600,2.548,-12.7058
148700,2.0357,-12.7215
148800,2.4093,-12.7208
148900,2.3805,-12.7151
149000,2.6083,-12.6814
149100,2.7492,-12.6777
149200,2.0246,-12.7036
149300,2.6538,-12.6866
149400,2.5178,-12.6783
149500,2.4572,-12.6782
149600,2.5241,-12.6792
149700,2.0277,-12.731
149800,2.6081,-12.6985
149900,2.4057,-12.6989
150000,2.2857,-12.7162
150100,2.2155,-12.736
150200,2.2671,-12.7208
150300,2.482,-12.6821
150400,2.313,-12.7152
150500,2.3806,-12.6683
150600,2.3252,-12.7089
150700,2.3134,-12.7055
150800,2.6225,-12.6858
150900,2.0807,-12.7201
151000,2.3334,-12.7326
151100,2.5481,-12.6607
151200,2.4817,-12.6621
151300,2.4609,-12.6748
151400,2.1978,-12.6804
151500,2.221,-12.7017
151600,2.2283,-12.7129
151700,2.3423,-12.6967
151800,2.2312,-12.6916
151900,2.4615,-12.719
152000,2.5847,-12.6845
152100,2.5766,-12.667
152200,2.4781,-12.666
152300,2.129,-12.7133
152400,2.3805,-12.6835
152500,2.5103,-12.6569
152600,2.5688,-12.6244
152700,2.2513,-12.6631
152800,2.6689,-12.6254
152900,2.6555,-12.6231
153000,2.7255,-12.5958
153100,2.4794,-12.5837
153200,2.3604,-12.6311
153300,2.622,-12.6007
153400,2.305,-12.6464
153500,2.0631,-12.6608
153600,2.3321,-12.6589
153700,2.4424,-12.6203
153800,1.8385,-12.7063
153900,2.312,-12.6647
154000,2.4929,-12.6628
154100,2.3527,-12.6834
154200,2.5734,-12.6658
154300,2.0909,-12.6792
154400,2.2622,-12.6856
154500,2.6923,-12.6836
154600,2.3091,-12.6789
154700,2.1155,-12.7066
154800,2.3114,-12.6936
154900,2.0683,-12.7247
155000,2.7178,-12.6743
155100,2.2057,-12.7292
155200,2.6456,-12.6874
155300,2.2672,-12.7346
155400,2.3553,-12.7111
155500,2.2723,-12.7303
155600,2.2947,-12.7212
155700,2.3033,-12.7275
155800,2.1126,-12.7454
155900,2.3801,-12.7413
156000,2.5768,-12.7162
156100,2.3895,-12.7295
156200,2.6418,-12.6917
156300,2.429,-12.6914
156400,2.5464,-12.7164
156500,2.5569,-12.6772
156600,2.5055,-12.6767
156700,2.5416,-12.6845
156800,2.3409,-12.7061
156900,2.2387,-12.724
157000,2.5137,-12.6906
157100,2.3628,-12.6848
157200,2.5284,-12.6522
157300,2.3919,-12.696
157400,2.4408,-12.6771
157500,2.5783,-12.6431
157600,2.5477,-12.6783
157700,2.2845,-12.6739
157800,2.2316,-12.6909
157900,2.5193,-12.6732
158000,2.4431,-12.6471
158100,2.4924,-12.6315
158200,2.3827,-12.6544
158300,2.2095,-12.6694
158400,2.4037,-12.6711
158500,2.4232,-12.6855
158600,2.221,-12.7002
158700,2.3411,-12.6702
158800,2.1133,-12.7196
158900,2.2914,-12.713
159000,2.2828,-12.7395
159100,2.5432,-12.6848
159200,2.5839,-12.6922
159300,2.3223,-12.7058
159400,2.1813,-12.7217
159500,2.0371,-12.7561
159600,2.7751,-12.6915
159700,2.4104,-12.694
159800,2.0685,-12.7154
159900,2.442,-12.7218
160000,2.2482,-12.7083
160100,2.3482,-12.708
160200,2.3615,-12.7265
160300,2.2045,-12.7544
160400,2.6402,-12.6894
160500,2.3352,-12.7482
160600,2.287,-12.7486
160700,2.5169,-12.7272
160800,2.4087,-12.7191
160900,2.2545,-12.7232
161000,2.7294,-12.6737
161100,2.5024,-12.6826
161200,2.5301,-12.6699
161300,2.3668,-12.6699
161400,2.4539,-12.6953
161500,2.2886,-12.6843
161600,2.4197,-12.6773
161700,2.2701,-12.6729
161800,2.1692,-12.7084
161900,2.2567,-12.7016
162000,2.5034,-12.706
162100,2.262,-12.7384
162200,2.5121,-12.7069
162300,2.1276,-12.7339
162400,2.4078,-12.6925
162500,2.6832,-12.6736
162600,2.3625,-12.6932
162700,2.4458,-12.6851
162800,2.2195,-12.7192
162900,2.523,-12.6861
163000,2.2702,-12.6992
163100,2.2599,-12.7081
163200,2.6161,-12.6935
163300,2.6369,-12.7059
163400,2.3325,-12.7147
163500,2.2222,-12.7618
163600,2.388,-12.7291
163700,2.6597,-12.7008
163800,2.1186,-12.7975
163900,2.492,-12.7383
164000,2.1731,-12.7624
164100,2.4001,-12.756
164200,2.3898,-12.7587
164300,2.6924,-12.7594
164400,2.2925,-12.761
164500,2.8008,-12.7255
164600,2.4944,-12.7163
164700,2.4174,-12.7311
164800,2.8367,-12.711
164900,2.3437,-12.7315
165000,2.3685,-12.7321
165100,2.6562,-12.703
165200,2.2925,-12.7262
165300,2.3301,-12.7135
165400,2.3646,-12.7011
165500,2.4119,-12.7319
165600,2.2206,-12.772
165700,1.9255,-12.7994
165800,2.3728,-12.7526
165900,2.0467,-12.788
166000,2.4012,-12.7995
166100,2.1977,-12.8136
166200,2.2739,-12.8083
166300,1.9971,-12.8607
166400,2.4356,-12.8395
166500,2.4417,-12.7985
166600,2.8186,-12.7781
166700,2.3227,-12.8194
166800,2.7668,-12.7721
166900,2.2649,-12.7992
167000,2.2471,-12.809
167100,2.5638,-12.7879
167200,2.5725,-12.7768
167300,2.6838,-12.7308
167400,2.5083,-12.7451
167500,2.3175,-12.759
167600,2.3128,-12.7774
167700,2.3194,-12.7599
167800,2.5352,-12.7382
167900,2.2514,-12.7883
168000,2.6026,-12.7389
168100,2.55,-12.7267
168200,2.5857,-12.7177
168300,2.2434,-12.7821
168400,2.3358,-12.753
168500,2.3569,-12.7634
168600,2.2279,-12.7747
168700,2.4418,-12.7703
168800,2.435,-12.746
168900,2.2121,-12.7758
169000,2.8203,-12.7342
169100,2.1764,-12.7957
169200,2.4015,-12.7861
169300,2.3861,-12.7749
169400,2.5037,-12.7991
169500,2.2453,-12.806
169600,2.2658,-12.8333
169700,2.3511,-12.8179
169800,2.4777,-12.809
169900,2.5655,-12.7957
170000,2.5067,-12.772
170100,2.2897,-12.8234
170200,2.4449,-12.8068
170300,2.8986,-12.744
170400,2.706,-12.7514
170500,2.3947,-12.7816
170600,2.3801,-12.8013
170700,2.0771,-12.8399
170800,2.4617,-12.7987
170900,2.5742,-12.7982
171000,2.3041,-12.7969
171100,2.2112,-12.8357
171200,2.4468,-12.8182
171300,2.6214,-12.7949
171400,2.1947,-12.8528
171500,2.5367,-12.8157
171600,2.549,-12.8078
171700,2.3936,-12.8238
171800,2.4279,-12.8362
171900,2.2969,-12.8444
172000,2.6219,-12.7964
172100,2.6326,-12.7953
172200,2.4217,-12.8165
172300,2.4029,-12.8066
172400,2.7266,-12.7657
172500,2.171,-12.8338
172600,2.329,-12.8247
172700,2.4665,-12.7981
172800,2.3769,-12.7901
172900,2.5431,-12.7601
173000,2.2708,-12.8059
173100,2.4293,-12.8056
173200,2.4607,-12.7754
173300,2.4505,-12.7572
173400,2.5835,-12.7384
173500,2.3268,-12.7517
173600,2.4521,-12.7649
173700,2.2977,-12.7411
173800,2.3163,-12.7662
173900,2.5869,-12.7462
174000,2.6349,-12.7405
174100,2.5814,-12.7207
174200,2.4264,-12.7609
174300,2.3353,-12.7507
174400,2.2367,-12.7839
174500,2.7246,-12.7517
174600,2.6431,-12.7243
174700,2.1078,-12.7907
174800,2.4387,-12.7934
174900,2.4261,-12.7718
175000,2.2398,-12.7684
175100,2.1079,-12.813
175200,2.2487,-12.8051
175300,2.5586,-12.792
175400,2.5017,-12.7707
175500,2.412,-12.8151
175600,2.3592,-12.7939
175700,2.3068,-12.799
175800,2.3702,-12.8118
175900,2.1224,-12.8523
176000,2.7509,-12.7946
176100,2.2051,-12.8251
176200,2.3759,-12.8418
176300,2.0957,-12.8449
176400,2.8497,-12.779
176500,2.5033,-12.8482
176600,2.2163,-12.8385
176700,2.4532,-12.8442
176800,2.4692,-12.8659
176900,2.6494,-12.8181
177000,2.3729,-12.8638
177100,2.1495,-12.8775
177200,2.33,-12.8971
177300,2.594,-12.8555
177400,2.5019,-12.8532
177500,2.3509,-12.8465
177600,2.5271,-12.8655
177700,2.0766,-12.907
177800,2.6273,-12.8795
177900,2.5751,-12.8592
178000,2.7149,-12.8205
178100,2.5305,-12.8616
178200,2.3565,-12.8852
178300,2.2884,-12.8686
178400,2.1374,-12.8846
178500,2.4558,-12.8684
178600,2.6028,-12.8477
178700,2.2958,-12.8892
178800,2.3076,-12.8716
178900,2.1848,-12.8798
179000,2.7144,-12.8713
179100,2.547,-12.862
179200,2.4196,-12.8564
179300,2.4268,-12.8731
179400,2.0541,-12.8954
179500,2.3743,-12.8644
179600,2.3181,-12.8899
179700,2.2353,-12.8935
179800,2.5066,-12.8675
179900,2.5439,-12.8582
180000,2.3228,-12.8735
180100,2.4146,-12.9001
180200,2.5285,-12.8765
180300,2.5415,-12.8724
180400,2.5796,-12.8679
180500,2.3083,-12.8654
180600,2.4879,-12.85
180700,2.5461,-12.8419
180800,2.1799,-12.8485
180900,2.3685,-12.8745
181000,2.4718,-12.858
181100,2.3959,-12.851
181200,2.2346,-12.8608
181300,2.0085,-12.9035
181400,2.4985,-12.8423
181500,2.573,-12.8209
181600,2.5246,-12.8486
181700,2.3354,-12.8347
181800,2.3262,-12.8588
181900,2.8197,-12.7748
182000,2.3277,-12.8252
182100,2.2999,-12.8207
182200,2.4456,-12.8032
182300,2.2267,-12.8218
182400,2.4086,-12.784
182500,2.2925,-12.833
182600,2.5713,-12.8016
182700,2.5323,-12.7868
182800,2.4567,-12.7883
182900,2.3536,-12.8019
183000,2.3295,-12.7906
183100,2.4964,-12.7762
183200,2.4424,-12.7863
183300,2.1426,-12.8293
183400,2.2353,-12.8122
183500,2.2969,-12.8291
183600,2.4416,-12.8023
183700,2.1705,-12.8697
183800,2.4823,-12.8249
183900,2.5157,-12.8043
184000,2.5393,-12.8282
184100,2.4446,-12.8239
184200,2.5995,-12.7795
184300,2.6163,-12.8119
184400,2.0079,-12.8258
184500,2.5774,-12.8021
184600,2.079,-12.8504
184700,2.1089,-12.8685
184800,2.5521,-12.8175
184900,2.3898,-12.8365
185000,2.3424,-12.8063
185100,2.4174,-12.8123
185200,2.5351,-12.8052
185300,2.5936,-12.7693
185400,2.0218,-12.843
185500,2.297,-12.8137
185600,2.0308,-12.8545
185700,2.5214,-12.8202
185800,2.253,-12.8328
185900,2.6567,-12.8106
186000,2.1006,-12.8576
186100,2.1718,-12.8418
186200,2.4627,-12.8411
186300,2.5112,-12.8333
186400,2.4978,-12.8507
186500,2.096,-12.9128
186600,2.4244,-12.8809
186700,2.4334,-12.8894
186800,2.4358,-12.8642
186900,2.5635,-12.8588
187000,2.1645,-12.8957
187100,2.6118,-12.8624
187200,2.6634,-12.8411
187300,2.3867,-12.8456
187400,2.1247,-12.8684
187500,2.0857,-12.9052
187600,2.4091,-12.9065
187700,2.4875,-12.8827
187800,2.435,-12.8789
187900,2.2001,-12.8973
188000,2.803,-12.8147
188100,2.6144,-12.8292
188200,2.5444,-12.843
188300,2.5897,-12.8365
188400,2.6575,-12.7927
188500,2.3285,-12.8403
188600,2.6863,-12.7997
188700,1.9751,-12.8716
188800,2.5914,-12.8174
188900,2.3266,-12.8532
189000,2.242,-12.8491
189100,2.5364,-12.8303
189200,2.4413,-12.8243
189300,2.2329,-12.8449
189400,2.2113,-12.8696
189500,2.557,-12.8407
189600,2.58,-12.8073
189700,2.6977,-12.7879
189800,2.4521,-12.8296
189900,2.6619,-12.7966
190000,2.3995,-12.8053
190100,2.8894,-12.762
190200,2.1367,-12.8375
190300,2.2718,-12.8523
190400,2.58,-12.8217
190500,2.3492,-12.8389
190600,2.0281,-12.8722
190700,2.1944,-12.8607
190800,2.8843,-12.7887
190900,2.3074,-12.8669
191000,2.2106,-12.8462
191100,2.3565,-12.8438
191200,2.8566,-12.7859
191300,2.3229,-12.842
191400,2.6899,-12.8015
191500,2.258,-12.8306
191600,2.2761,-12.8577
191700,2.803,-12.7833
191800,2.3492,-12.8704
191900,2.3329,-12.8248
192000,2.5672,-12.8238
192100,2.4791,-12.8186
192200,2.6089,-12.8239
192300,2.205,-12.8461
192400,2.2998,-12.8382
192500,2.6886,-12.8097
192600,2.4647,-12.8077
192700,2.2423,-12.8635
192800,2.2616,-12.836
192900,2.343,-12.8423
193000,2.4994,-12.8463
193100,2.5577,-12.812
193200,2.6457,-12.7948
193300,2.6006,-12.7859
193400,2.6898,-12.7657
193500,2.3717,-12.7954
193600,2.8579,-12.7794
193700,2.5079,-12.7806
193800,2.123,-12.8305
193900,2.3461,-12.8196
194000,2.403,-12.8178
194100,2.3025,-12.8218
194200,2.6661,-12.822
194300,2.9951,-12.7697
194400,2.552,-12.79
194500,2.4615,-12.7748
194600,2.6068,-12.7943
194700,2.139,-12.8487
194800,2.4297,-12.8349
194900,2.4949,-12.8238
195000,2.6018,-12.8436
195100,2.3898,-12.8397
195200,2.3148,-12.8589
195300,2.5503,-12.8447
195400,2.764,-12.8156
195500,2.2412,-12.8571
195600,2.7265,-12.8347
195700,2.4795,-12.8646
195800,2.3585,-12.8565
195900,2.4957,-12.8552
196000,2.6055,-12.8453
196100,2.5549,-12.8117
196200,2.3852,-12.8547
196300,2.5731,-12.8534
196400,2.2849,-12.8177
196500,2.6131,-12.8078
196600,2.6303,-12.7785
196700,2.8085,-12.754
196800,2.5818,-12.7853
196900,2.5971,-12.7643
197000,2.1735,-12.8108
197100,2.729,-12.7797
197200,2.4664,-12.7706
197300,2.2828,-12.7943
197400,2.6944,-12.7485
197500,2.5871,-12.7529
197600,2.0494,-12.8013
197700,2.4387,-12.7879
197800,2.4023,-12.7919
197900,2.5615,-12.7769
198000,2.3207,-12.809
198100,2.3608,-12.8194
198200,2.4638,-12.8484
198300,2.2926,-12.8039
198400,2.6002,-12.8407
198500,2.4815,-12.8005
198600,2.3104,-12.8391
198700,2.6859,-12.8024
198800,2.2226,-12.8432
198900,2.3473,-12.8751
199000,2.6133,-12.8451
199100,2.4628,-12.8553
199200,2.6051,-12.8322
199300,2.5903,-12.8419
199400,2.6018,-12.8124
199500,2.4934,-12.8139
199600,2.3386,-12.857
199700,2.4712,-12.852
199800,2.2053,-12.8617
199900,2.4395,-12.8671
200000,2.3818,-12.859
200100,2.3654,-12.8626
200200,2.2363,-12.8495
200300,2.7177,-12.7791
200400,2.2403,-12.8571
200500,2.4891,-12.8305
200600,2.6449,-12.855
200700,2.7565,-12.7971
200800,2.2668,-12.8484
200900,2.252,-12.8556
201000,2.3765,-12.8348
201100,2.5374,-12.8583
201200,2.7047,-12.8215
201300,2.5154,-12.8361
201400,2.3934,-12.8318
201500,2.36,-12.832
201600,2.329,-12.8751
201700,2.6497,-12.8318
201800,2.2222,-12.867
201900,2.0815,-12.8707
202000,2.3927,-12.8481
202100,2.2331,-12.8838
202200,2.0397,-12.9266
202300,2.208,-12.9149
202400,2.3103,-12.9241
202500,2.5746,-12.8854
202600,2.4272,-12.8649
202700,2.4649,-12.8923
202800,2.6482,-12.8635
202900,2.5891,-12.8242
203000,2.648,-12.8019
203100,2.5388,-12.8324
203200,2.2469,-12.8371
203300,2.8085,-12.8227
203400,2.1618,-12.873
203500,2.5298,-12.8595
203600,2.205,-12.8756
203700,2.5111,-12.871
203800,2.8508,-12.8044
203900,2.5008,-12.8448
204000,2.4939,-12.8464
204100,2.5834,-12.8103
204200,2.3005,-12.8173
204300,1.9301,-12.9195
204400,2.4603,-12.8516
204500,2.3683,-12.8755
204600,2.2072,-12.9019
204700,2.628,-12.8759
204800,2.667,-12.8667
204900,3.1889,-12.7661
205000,2.3413,-12.8435
205100,2.4598,-12.8236
205200,2.1023,-12.8757
205300,2.4287,-12.7874
205400,2.8332,-12.8053
205500,2.2974,-12.8652
205600,2.4872,-12.7956
205700,2.5007,-12.8235
205800,2.3223,-12.8396
205900,2.5624,-12.8166
206000,2.6216,-12.824
206100,2.2999,-12.8198
206200,2.5938,-12.8091
206300,2.5053,-12.8323
206400,2.2647,-12.8452
206500,2.3806,-12.8469
206600,2.3883,-12.8459
206700,2.5593,-12.8401
206800,2.354,-12.8598
206900,2.302,-12.8759
207000,2.8277,-12.8577
207100,2.2411,-12.875
207200,2.3052,-12.8676
207300,2.2298,-12.9159
207400,2.4186,-12.8934
207500,2.2415,-12.9374
207600,2.3452,-12.9101
207700,2.5969,-12.8583
207800,2.5363,-12.8659
207900,2.2445,-12.8899
208000,2.3532,-12.8869
208100,2.6408,-12.8579
208200,2.4981,-12.8559
208300,2.2378,-12.8741
208400,2.5413,-12.8728
208500,2.2214,-12.8919
208600,2.6426,-12.8815
208700,2.3583,-12.9342
208800,2.1122,-12.9179
208900,2.4128,-12.9541
209000,2.4953,-12.9321
209100,2.3715,-12.9484
209200,2.5075,-12.9328
209300,2.6067,-12.9211
209400,2.3505,-12.8906
209500,2.3405,-12.9196
209600,2.5866,-12.8853
209700,2.3015,-12.8972
209800,2.738,-12.894
209900,2.3243,-12.8941
210000,2.4127,-12.8904
210100,2.8729,-12.8383
210200,2.7183,-12.8972
210300,2.2676,-12.9111
210400,2.584,-12.874
210500,2.0629,-12.888
210600,2.3963,-12.8788
210700,2.1242,-12.9057
210800,2.3076,-12.9016
210900,2.6398,-12.8945
211000,2.5064,-12.9139
211100,2.4387,-12.9195
211200,2.552,-12.8959
211300,2.4748,-12.8852
211400,2.5099,-12.8606
211500,2.2228,-12.9096
211600,2.2544,-12.9251
211700,2.5574,-12.8764
211800,2.9728,-12.8431
211900,2.4221,-12.8678
212000,2.4589,-12.8737
212100,2.407,-12.8898
212200,2.4118,-12.8871
212300,2.5899,-12.8793
212400,2.1859,-12.9218
212500,2.51,-12.9025
212600,2.4785,-12.8761
212700,2.3461,-12.9027
212800,2.3068,-12.9216
212900,2.1846,-12.9303
213000,2.3855,-12.943
213100,2.2498,-12.958
213200,2.4148,-12.948
213300,2.1948,-12.9411
213400,2.5689,-12.9196
213500,2.6003,-12.9186
213600,2.5563,-12.9122
213700,2.3334,-12.9622
213800,2.229,-12.9333
213900,2.4283,-12.9443
214000,2.4636,-12.9182
214100,2.3273,-12.9554
214200,2.2973,-12.9528
214300,2.33,-12.9685
214400,2.3227,-12.9904
214500,2.3166,-12.9763
214600,2.6436,-12.9609
214700,2.5788,-12.9567
214800,2.5912,-12.9453
214900,2.8227,-12.9199
215000,2.1971,-12.9324
215100,2.323,-12.9364
215200,2.6995,-12.9225
215300,2.5174,-12.9467
215400,2.2751,-12.9485
215500,2.5932,-12.9096
215600,2.073,-12.978
215700,2.0571,-12.9875
215800,2.8018,-12.9093
215900,2.7645,-12.8813
216000,2.6793,-12.9123
216100,2.3195,-12.9271
216200,2.6954,-12.8983
216300,2.3161,-12.9282
216400,2.4593,-12.9189
216500,2.3772,-12.9135
216600,2.4836,-12.8934
216700,2.2931,-12.9324
216800,2.6946,-12.8958
216900,2.1315,-12.9194
217000,2.3401,-12.9316
217100,2.6161,-12.9202
217200,2.182,-12.9576
217300,2.7003,-12.8865
217400,2.5203,-12.9113
217500,2.5449,-12.8958
217600,2.4498,-12.9137
217700,2.7585,-12.88
217800,2.4784,-12.8909
217900,2.9135,-12.8244
218000,2.6683,-12.8353
218100,2.6235,-12.8471
218200,2.7392,-12.8323
218300,2.4943,-12.8432
218400,2.2574,-12.8563
218500,2.5087,-12.8566
218600,2.5197,-12.8708
218700,2.3629,-12.8831
218800,2.7323,-12.8414
218900,2.354,-12.8703
219000,2.702,-12.8383
219100,2.6807,-12.8351
219200,2.6568,-12.8533
219300,2.504,-12.8063
219400,2.4078,-12.8662
219500,2.4339,-12.8367
219600,2.4584,-12.8555
219700,2.567,-12.8089
219800,2.5673,-12.8042
219900,2.6068,-12.8447
220000,2.6639,-12.8131
220100,2.4782,-12.8261
220200,2.4979,-12.8408
220300,2.4857,-12.8193
220400,2.6769,-12.808
220500,2.2869,-12.8348
220600,2.3826,-12.8445
220700,2.6514,-12.8126
220800,2.6241,-12.773
220900,2.0958,-12.8373
221000,2.136,-12.8568
221100,2.3667,-12.8311
221200,2.6165,-12.8218
221300,2.462,-12.8523
221400,2.5306,-12.8421
221500,2.4831,-12.8213
221600,2.5202,-12.819
221700,2.7385,-12.7982
221800,2.6169,-12.8017
221900,2.3633,-12.8227
222000,2.1413,-12.8643
222100,2.4381,-12.8516
222200,2.0805,-12.8641
222300,2.3031,-12.886
222400,2.399,-12.894
222500,2.6183,-12.8577
222600,2.5089,-12.8553
222700,2.4621,-12.8804
222800,2.1633,-12.867
222900,2.1149,-12.924
223000,2.6962,-12.8647
223100,2.4362,-12.8861
223200,2.5947,-12.8643
223300,2.3301,-12.8842
223400,2.3994,-12.8962
223500,2.655,-12.843
223600,2.5616,-12.8611
223700,2.5168,-12.8656
223800,2.2835,-12.8536
223900,2.4032,-12.8538
224000,2.0963,-12.8908
224100,2.4583,-12.873
224200,2.3946,-12.878
224300,2.4877,-12.8689
224400,2.477,-12.8771
224500,2.5528,-12.8517
224600,2.3198,-12.8892
224700,2.576,-12.8412
224800,2.3527,-12.8661
224900,2.5864,-12.8445
225000,2.3602,-12.872
225100,2.4448,-12.8579
225200,2.3067,-12.8921
225300,2.5619,-12.8801
225400,2.6347,-12.8632
225500,2.2911,-12.8883
225600,2.5438,-12.8726
225700,2.274,-12.8697
225800,2.2106,-12.8954
225900,2.3929,-12.8844
226000,2.3554,-12.8846
226100,2.5352,-12.8912
226200,2.4431,-12.8766
226300,2.9072,-12.8568
226400,2.5547,-12.8766
226500,2.3781,-12.8748
226600,2.3501,-12.8837
226700,2.3614,-12.874
226800,2.4277,-12.9068
226900,2.5534,-12.873
227000,2.5,-12.8671
227100,2.7084,-12.8364
227200,2.1839,-12.8927
227300,2.4578,-12.8582
227400,2.5678,-12.8872
227500,2.6596,-12.8439
227600,2.3721,-12.876
227700,2.5206,-12.8586
227800,2.6253,-12.8599
227900,2.6103,-12.8396
228000,2.0498,-12.9104
228100,2.3528,-12.8795
228200,2.1143,-12.9017
228300,2.5242,-12.8764
228400,2.3047,-12.9264
228500,2.3735,-12.9017
228600,2.3319,-12.9384
228700,2.8269,-12.8771
228800,2.2163,-12.9104
228900,2.4116,-12.913
229000,2.5442,-12.8954
229100,2.6774,-12.8621
229200,2.3147,-12.9191
229300,2.5002,-12.8745
229400,2.5689,-12.8874
229500,2.5837,-12.8773
229600,2.3453,-12.9252
229700,2.4081,-12.919
229800,2.3575,-12.9225
229900,2.4122,-12.8975
230000,2.4653,-12.8753
230100,2.2985,-12.9248
230200,2.7203,-12.8653
230300,2.7375,-12.8706
230400,2.4198,-12.9047
230500,2.4828,-12.8888
230600,2.6889,-12.8766
230700,2.7703,-12.8682
230800,2.3922,-12.8678
230900,2.3098,-12.8866
231000,2.5849,-12.869
231100,2.8133,-12.8047
231200,2.43,-12.8492
231300,2.7161,-12.8329
231400,2.0965,-12.897
231500,2.223,-12.9041
231600,2.1768,-12.918
231700,2.3867,-12.8945
231800,2.5433,-12.9226
231900,2.275,-12.9264
232000,2.425,-12.9403
232100,2.4981,-12.9071
232200,2.7379,-12.8902
232300,2.483,-12.9109
232400,2.5079,-12.8821
232500,2.522,-12.8998
232600,2.4166,-12.8978
232700,2.4883,-12.8918
232800,2.5127,-12.8996
232900,3.006,-12.83
233000,2.615,-12.8443
233100,2.444,-12.8517
233200,2.7173,-12.8375
233300,2.6984,-12.8408
233400,2.4537,-12.8557
233500,2.4079,-12.8611
233600,2.3971,-12.8554
233700,2.6264,-12.8309
233800,2.7724,-12.8205
233900,2.8156,-12.7888
234000,2.5995,-12.8247
234100,2.3966,-12.8243
234200,2.3808,-12.8404
234300,2.5419,-12.8521
234400,2.628,-12.8172
234500,2.231,-12.8729
234600,2.4359,-12.8328
234700,2.166,-12.894
234800,2.1041,-12.9202
234900,2.6788,-12.8641
235000,2.4495,-12.8909
235100,2.6743,-12.8618
235200,2.434,-12.8903
235300,2.3421,-12.8911
235400,2.2305,-12.9095
235500,2.5661,-12.8762
235600,2.1589,-12.9122
235700,2.4623,-12.9
235800,2.4177,-12.8828
235900,2.6389,-12.8618
236000,2.6464,-12.826
236100,2.3928,-12.8851
236200,2.4734,-12.8753
236300,2.3212,-12.9044
236400,2.2022,-12.9176
236500,2.3638,-12.9295
236600,2.6354,-12.8794
236700,2.5009,-12.8934
236800,2.6443,-12.8892
236900,2.4647,-12.9181
237000,2.8487,-12.8757
237100,2.4834,-12.8819
237200,2.3747,-12.8994
237300,2.6786,-12.8773
237400,2.4888,-12.8668
237500,2.4492,-12.8717
237600,2.2469,-12.8811
237700,2.556,-12.8841
237800,2.7325,-12.8567
237900,2.3255,-12.896
238000,2.3374,-12.9006
238100,2.5039,-12.8714
238200,2.3231,-12.9246
238300,2.6531,-12.8768
238400,2.5692,-12.907
238500,2.6608,-12.8527
238600,2.6827,-12.8584
238700,2.5541,-12.8713
238800,2.4324,-12.8927
238900,2.6244,-12.8816
239000,2.0981,-12.9244
239100,2.3633,-12.884
239200,2.5739,-12.8765
239300,2.3792,-12.898
239400,2.3977,-12.8808
239500,2.5999,-12.8707
239600,2.5483,-12.872
239700,2.6091,-12.8595
239800,2.3885,-12.8945
239900,2.2522,-12.9051
